YearEnd,LocationDesc,LocationAbbr,age_18_24,age_25_34,age_35_44,age_45_54,age_55_64,age_65_older,edu_college,edu_hs,edu_lessthanhs,edu_somecollege,Gender_Female,Gender_Male,race_2ormore,race_ai,race_asian,race_hawaiian,race_hispanic,race_black,race_white,race_other,75minaerobicex,perc_noleisureact,per_obese,per_overweight,per_str_trn_2timesaweek,per_sup_formula_before6months,inc_15_25k,inc_25_35k,inc_35_50k,inc_50_75k,inc_greater_75k,inc_na,inc_less_15k
2011,Alabama,AL,16.3,35.2,35.5,38,36.4,27.1,26.4,32.8,33.6,33.8,31.8,32.3,27.8,32.9,,,28.6,40.1,29.8,,42.4,32.6,32,34.7,24.7,38,34.8,35.8,32.3,34.1,28.8,23.8,38.5
2011,Alaska,AK,19.8,23.5,29.5,29.2,33.4,29.3,22.1,33.1,28.8,25.8,26.7,28,23.3,30.9,,,31.5,,25.9,35.5,57.9,22,27.4,38.9,33.8,28.2,30.2,32.2,24.5,27.8,26.9,22.7,33.6
2011,Arizona,AZ,18.7,23.6,25.4,29.6,29.9,22.6,17.4,25.2,36.2,25.9,25.8,24.4,20.8,34.2,13,,33.8,26.8,21.2,,52.8,24.1,25.1,37.8,32.5,37.6,32.3,26.5,20.7,25.1,19.7,19.6,34.1
2011,Arkansas,AR,23,29.3,32.9,36.4,36.9,26.1,26.4,33,31.1,31,31.2,30.7,26.4,19.3,,,18.4,38.1,31,,45.7,30.9,30.9,33.9,24.7,40.2,30.4,37.2,31.7,30.6,27.8,24.9,33.8
2011,California,CA,14.5,23.7,25.9,27.6,27.6,21.2,15.3,26.4,32.9,24,24.5,23.1,26.9,37.3,8.1,23.2,30.3,33.1,22,,58.2,19.1,23.8,36.4,32.1,32.8,30.1,27.2,22.1,24.3,17.7,17.5,29.9
2011,Colorado,CO,10.2,19.3,22.7,24.2,24.2,20.2,15.6,23.5,25.7,22.3,20.3,21.1,23,30.7,7.7,,26.5,34.2,18.9,23.5,61.8,16.5,20.7,35.4,35.6,29.6,24.2,23.7,21.3,19.5,18.3,17.5,25.9
2011,Connecticut,CT,16.1,23.2,25.4,27,28.6,23.7,16.7,29,31.2,26.4,23.6,25.4,30.1,,6.3,,32.6,32.8,23,36,52.6,25.5,24.5,35.2,30.6,42.8,28.7,24.7,27.5,23.2,20.7,24.8,31.7
2011,Delaware,DE,14.2,25.3,33.2,31.4,36.1,28.9,24.1,27.9,35.2,30.9,28.6,29,36.5,,2.1,,22.4,38.2,27.2,,48.5,27,28.8,35,32.3,30.5,35.6,31,32.3,26.4,27,22,33.5
2011,District of,DC,,,,,,,,,,,,,,,,,,,,,57.6,,,,36.1,,,,,,,,
2011,District of C,DC,,,,,,,,,,,,,,,,,,,,,,,,,,,35.3,30,27.6,20.3,12.7,22.1,41.6
2011,District of Columbia,DC,8.5,20.8,22,34.8,30.6,26.3,11.9,33,39.7,31,28.4,18.6,32.2,,0.9,,13.3,36.7,10.7,22.9,,19.8,23.7,29.1,,49.7,,,,,,,
2011,Florida,FL,10.7,25.9,29.9,34.3,31.2,23.4,21.1,27.5,32.7,27.4,25.6,27.7,26.7,22.3,6.2,,27.8,35.7,24.9,,52.8,26.9,26.6,36.7,29.2,41.6,30.2,29.7,27.2,26.5,22.4,20.3,31.8
2011,Georgia,GA,15,26.5,29.6,33.7,34.4,25.4,21.4,29.5,34.1,28.6,29.3,26.7,27.1,31.6,5.4,,26.4,36.8,25,8.6,50.7,26.7,28,34.7,30.2,46.8,33.2,29,26.8,31.2,21.3,23.3,33.9
2011,Hawaii,HI,9.3,23.7,30.5,25,22.8,16.9,15.2,24.9,27.1,22.8,19.2,24.4,32.5,,16,45.5,26.8,,19,23.2,58.5,21.3,21.8,33.8,32.1,38.2,21.2,21.9,19.9,28.2,21,15.9,23.1
2011,Idaho,ID,15.7,27.6,28,32,33,24.3,21.5,28.2,32.8,27.6,27.9,26.2,34.9,28.6,,,35.9,,25.9,,57.2,21.4,27,35.2,30.3,31.4,29,29,26.5,28.9,22,25.8,30
2011,Illinois,IL,11.8,24.3,28.3,32.8,33.1,29.1,23.4,29,29,28,26.5,27.7,33.4,,4.6,,25.2,39.2,26,,51.7,25.1,27.1,36.9,31.4,44.1,31.4,26.9,27.7,28.1,24.7,19.3,29.1
2011,Indiana,IN,19.6,30.9,33.2,35.8,36.7,26.6,23.5,32.3,36.2,31.8,30.8,30.9,45.4,37.9,,,34.7,42.2,29.5,,46,29.2,30.8,34.8,26,34.9,35.3,32,30.3,32,26.4,27.5,35
2011,Iowa,IA,14.4,22.8,32.7,35.6,35.6,29.1,23.2,33,28.2,29,27.4,30.4,33.7,,3,,33.2,27.8,29.2,,47.6,25.9,29,35.8,27.5,40,33.8,32.1,32.7,33.3,25,20.1,28.5
2011,Kansas,KS,16.1,28.8,32.9,34.8,36,26.3,24.9,31.5,30.6,31.3,29.1,30,33.5,32.8,8.9,,30.5,40.9,29.1,32.6,46.8,26.8,29.6,34.8,24.5,39.1,31.8,30.9,32.7,31,25.6,24.4,35.8
2011,Kentucky,KY,21.2,28.7,33.7,34.8,36.4,25.1,24.4,31.4,34,30.6,31.1,29.6,45.2,25.9,,,22.2,43.2,29.5,47.1,46.8,29.3,30.4,36.1,26.3,30.4,35.6,30,33.7,34.4,23.4,26.6,36.6
2011,Louisiana,LA,17,32.7,38.5,39.7,41,28.7,26.6,33.6,36.3,35.8,33.8,33,23,39.6,,,37.4,39.4,31,25.1,42,33.8,33.4,34.1,23.9,35.8,36.7,36.8,36.3,36.8,29.9,26.1,35.4
2011,Maine,ME,14.8,28.8,28.9,32.4,32.7,24.5,20.2,31.4,32.2,28.4,27.6,28.1,29.9,29,,,30.3,15,27.9,,56.7,23,27.8,37.2,27.5,18.1,33.7,30,27.8,25.8,22.5,24.3,31.7
2011,Maryland,MD,16.9,26.4,32,31.9,32.8,26.1,21.3,32.6,35.2,29.3,27.9,28.7,27.5,,8.8,,21.2,37.8,25.9,24.2,48.7,26.2,28.3,36.1,30.2,37.6,31,31.2,36.8,29.6,24.4,23.4,35
2011,Massachuset,MA,,,,,,,,,,,,,,,,,,,,,,,,,32,,,,,,,,
2011,Massachusett,MA,,,,,,,,,,,,,,,,,,,,,56.3,,,,,,,,,,,,
2011,Massachusetts,MA,13,18.6,25,26.1,28,22.8,17.3,25.2,31.1,24.1,21.4,24.1,26,42.4,4.8,,30.9,31.8,22.1,26.6,,23.5,22.7,36.6,,44.3,26.1,22.9,25.4,24.6,19.3,19.7,29.4
2011,Michigan,MI,17.3,31.3,33.3,34.7,38,29.5,26.6,32.1,33.8,32.8,30.7,31.9,35.3,38.6,6.9,,36.7,41,29.7,,53.5,23.6,31.3,34.2,28.8,33.8,35.4,30.5,28.6,32.6,28.2,28.4,37
2011,Minnesota,MN,14.7,24.5,28.6,27.9,32.2,23.7,20.1,28.9,28.2,27.2,22.9,28.4,31,38.3,9.1,,31.6,28.1,25.9,32.7,54,21.9,25.7,36.8,29.6,39.1,28.7,27.4,29.3,28.9,22,23,23.3
2011,Mississippi,MS,25.9,35.7,39.9,40.8,37.5,27.9,31.2,34.7,35.4,36.9,37.3,32.4,,,,,26.8,42.9,30.7,,40,36,34.9,34,23.9,38.6,39.9,39.2,33,34.6,29,29.2,37.6
2011,Missouri,MO,18.5,26.1,33.2,37.7,37.4,26.2,26.4,30.3,33.8,31.5,30.7,29.8,32.2,37,,,27.8,39.5,29.4,,49.5,28.4,30.3,34.6,24.7,38.2,34.2,31.5,30,30.7,27.6,27,31.8
2011,Montana,MT,15.7,23.8,23.8,31.7,27.9,21.9,20.2,27.8,23.5,25.3,23.3,25.8,29.9,36.1,,,22.5,,24.1,26,55.3,24.4,24.6,35.6,30.2,25.4,25.6,27.4,23.8,24.3,21.1,19,31.2
2011,National,US,15.2,25.9,29.9,32.6,32.6,25.3,20.6,29.7,32.4,28.6,27.1,27.8,30.3,35.4,8.7,25,30.1,37.3,26.2,21.9,51.6,25.4,27.4,35.8,29.3,37.9,31.3,29.5,28.7,28.4,22.8,23.2,32.3
2011,Nebraska,NE,14.7,27.3,32.8,31.6,35.1,27.2,24.1,30.3,28.1,30,27.6,29.2,31.5,44.7,9.5,,29.8,32.8,28.3,18.2,49,26.3,28.4,36.5,28.1,31.3,30.4,30.3,32.6,30.5,25.1,21.3,29.2
2011,Nevada,NV,14,28,27.4,27.5,27.8,18.1,19.4,23.1,27.6,27.4,23.4,25.5,37.3,59.2,9.2,,29.1,31.1,21.9,8,52.6,24.3,24.5,35.7,30.1,32.6,24.2,25.4,24,29.7,22.3,22.6,24.6
2011,New Hampshi,NH,,,,,,,,,,,,,,,,,,,,,,,,,30.4,,,,,,,,
2011,New Hampshir,NH,,,,,,,,,,,,,,,,,,,,,56.1,,,,,,,,,,,,
2011,New Hampshire,NH,13.2,24.9,30.4,27.4,32.4,24.8,19.6,29.3,28.4,29.1,24.1,28.3,,,,,22.6,,26.5,26.2,,22.5,26.2,35.4,,28.9,29.1,24.2,26.7,28.6,24.3,23.2,30.9
2011,New Jersey,NJ,12.1,21.7,23.4,27.5,28.2,25,17.4,26.9,29.4,25.1,21.8,25.6,28.9,26.1,10.2,,27.3,31.8,23.1,12.3,53.2,26.4,23.7,37.8,31.7,41.2,30.4,26.6,26.1,23.4,21,18.4,28.5
2011,New Mexico,NM,15.7,26.2,33.5,31.1,29.4,19.9,19.4,27.8,31.9,27,26.3,26.3,9.7,36.8,1.9,,29.9,23.7,22.5,22.2,52.2,25.3,26.3,35.8,31.5,36.7,29.6,24.2,27.2,27.7,22,21.1,31.3
2011,New York,NY,9.5,20.9,25.9,29.8,30.5,25.9,18.2,26.9,27.5,27.1,23.7,25.3,36.1,,9.9,,26.3,32.5,23.6,,51.5,26.3,24.5,35.8,30.1,49.2,26.5,26,28.5,26.8,20.1,22.1,27.3
2011,North Carol,NC,,,,,,,,,,,,,,,,,,,,,,,,,27.7,,,,,,,,
2011,North Caroli,NC,,,,,,,,,,,,,,,,,,,,,46.8,,,,,,,,,,,,
2011,North Carolin,NC,,,,,,,,,,,,,,,,,,,,,,,,,,,31.8,33.3,30,27.9,24.5,25.7,34.8
2011,North Carolina,NC,19.1,30.3,30.7,34.9,31.2,25.7,22.2,31.1,31.9,31.4,30,28.3,22.8,37.7,6.5,,29,40.7,26.2,17.6,,26.7,29.1,36,,38.6,,,,,,,
2011,North Dakot,ND,,,,,,,,,,,,,,,,,,,,,,,,,27.4,,,,,,,,
2011,North Dakota,ND,10.7,28.3,35.1,34.1,36.2,24.4,26.5,28,25.1,29.2,25.4,30,,44.1,,,36.6,,26.9,,47.3,27.1,27.8,36,,24.6,26.6,28.7,32.6,29,27,18.7,33
2011,Ohio,OH,16.1,28.2,32.6,33.9,34.4,28.7,22,32.1,34.6,30.5,27.6,31.6,28.3,48.2,11.2,,32.1,33.9,29.2,11,51.6,27,29.6,36.2,30.4,39.4,31.4,33,34.8,32.4,24,24.1,32.8
2011,Oklahoma,OK,19.7,29.4,40,32.7,37.4,26.3,26.5,33.8,31,31.3,31.5,30.6,32.9,40.8,14.7,,28.6,34.8,30.4,,44.8,31.2,31.1,34.3,23.8,22.8,35.8,29.4,36.2,32.5,25.8,24,33.2
2011,Oregon,OR,15.3,28.2,27.1,31.8,29.8,24.6,17.1,27.8,31.4,31.4,27.2,26.3,32.6,,14,,28.8,,26.1,33.9,61.1,19.8,26.7,34.8,30.9,34,29.6,29.8,28.9,24.4,22.9,23.8,30.7
2011,Pennsylvani,PA,,,,,,,,,,,,,,,,,,,,,,,,,27.8,,,,,,,,
2011,Pennsylvania,PA,16.4,23.5,31.8,33.9,33.6,27.9,21.5,31.6,30.8,30,27.6,29.5,37.3,,3.2,,32.7,35.9,27.9,,49.4,26.2,28.6,36,,38.7,30.3,29.5,30.7,29.9,25,25.3,33.8
2011,Rhode Islan,RI,,,,,,,,,,,,,,,,,,,,,,,,,28.5,,,,,,,,
2011,Rhode Island,RI,12.9,26,29.9,28.9,30,22.2,19.3,27,28.7,27.9,23.3,27.6,,,6,,26.5,35.2,24.9,32.1,48.7,26.2,25.4,37.1,,34.2,24.1,25.7,26.2,25.9,24,22.6,33
2011,South Carol,SC,,,,,,,,,,,,,,,,,,,,,,,,,27.6,,,,,,,,
2011,South Caroli,SC,,,,,,,,,,,,,,,,,,,,,50,,,,,,,,,,,,
2011,South Carolin,SC,,,,,,,,,,,,,,,,,,,,,,,,,,,35.8,32.1,34.2,30.5,24.1,25.3,36.4
2011,South Carolina,SC,16.3,28.2,37,38.9,35.5,25.2,25.3,31.8,32.7,32.9,33,28.6,37.3,37.2,4.8,,25,42.3,27,34,,27.2,30.8,35,,39.3,,,,,,,
2011,South Dakot,SD,,,,,,,,,,,,,,,,,,,,,,,,,26.1,,,,,,,,
2011,South Dakota,SD,14.5,25.3,36,33.3,34.9,23.8,26.1,29.7,30.7,27.2,26.3,29.9,25.3,44.7,,,39.9,,26.7,,46.1,27,28.1,36.3,,34.8,33.8,28.3,27.5,28.4,25.6,22.6,31.8
2011,Tennessee,TN,13.6,24.7,35.8,37.9,32.5,25.2,22,32.4,34.1,28,30.4,28,31,,,,22,40.2,27.9,,39,35.1,29.2,37.3,20.6,34.3,33.2,29.4,24.1,29.7,25.3,26.3,36.5
2011,Texas,TX,17.5,30.9,31.6,37,36.5,26.3,23.5,32.5,33.6,32.2,29.9,30.9,28.3,47.6,10.5,,34.4,39.5,27,,48.2,27.2,30.4,35.4,28.3,36,34.3,30,31.9,33.8,26,24.2,35.8
2011,Utah,UT,12.9,22.5,28.3,28.1,32.7,24.6,20.2,24.5,31.2,25.4,22.9,25.8,28,42.3,13.1,,24.1,30.4,24.4,19.2,55.8,18.9,24.4,34.5,32.3,36.9,26.6,26.5,27,26.2,21.8,18.9,28.1
2011,Vermont,VT,15.6,24.2,28.7,28.7,28.9,23.8,17.4,33.1,26.7,25.1,23.6,27.3,37.6,27.9,,,23.8,,25.3,,59.2,21,25.4,34.3,29,29.3,30.7,28.6,26.2,25.9,20,22,29.6
2011,Virginia,VA,18.3,22.9,30.3,37.1,36.5,26.8,22.8,32.4,38.1,29.2,28.6,29.7,30,,11.5,,31.3,37.9,27.5,,52.4,25,29.2,34.1,33.4,43.9,33.6,36,33,25.2,26.1,24.6,34.3
2011,Washington,WA,12.4,23.1,32.9,29.3,31.4,25.6,18.8,29.3,28.2,30.2,24.9,27.9,28.4,42.1,8.1,,27.9,39.4,27,30.8,54.2,22,26.5,34.5,30.6,38.7,28.6,28.9,30,29.1,22.4,22.1,28.7
2011,West Virgin,WV,,,,,,,,,,,,,,,,,,,,,,,,,20.2,,,,,,,,
2011,West Virgini,WV,,,,,,,,,,,,,,,,,,,,,43,,,,,,,,,,,,
2011,West Virginia,WV,19.7,30.2,35,39.7,37.9,27.7,29.6,33.3,32.7,32.8,34.2,30.7,42.9,,,,28.1,34.2,32.4,,,35.1,32.4,36.5,,36.8,37.1,35.3,34.9,27.8,28.5,24.9,37.1
2011,Wisconsin,WI,15.5,23.7,28.2,35.6,32.9,26.9,19.6,30.3,40.5,26.9,26.1,29.3,,30.9,,,34.7,43.9,26.8,26.1,57.4,22.7,27.7,36.2,29.2,35.9,27,33.8,28,25.8,24.1,24.5,37.1
2011,Wyoming,WY,12.6,25.1,28.7,29.3,31.8,20.4,20.5,26.6,28,25.4,23.8,26.1,19.5,38.2,,,26,,24.9,,53.1,25.5,25,36.3,29.6,33.1,24.6,23.7,25.5,24.4,24.5,21.8,32.2
2012,Alabama,AL,23.9,31.3,34.1,39.7,40.3,26.9,27.8,33.5,35.2,34.4,34.1,31.8,18.5,26.5,,,24.1,44.1,30.1,24.4,,27.2,33,34.8,,45.6,35.2,29,34.5,34.5,28.9,28.4,40.8
2012,Alaska,AK,9,20.1,30.3,32.6,32.3,26.8,24.9,25.8,23.3,26.9,25.4,25.9,22.4,31.9,2.3,,21.1,39,26,21.5,,18.5,25.7,39.1,,32.4,24.2,24,27.3,28.4,26.4,20.2,29.4
2012,Arizona,AZ,16.2,29.2,30.4,27.6,30.3,22.6,22.3,26.9,32.3,25.3,25.6,26.4,31.6,45.8,4.3,,30.9,35.4,23.1,27.2,,22.6,26,36,,38.1,29.1,25.9,26.2,28.1,21.6,22.4,31.1
2012,Arkansas,AR,27.1,33.7,43.4,40.4,37.2,25.9,30.7,36,38.9,32.7,35.1,34,33,46,,,41,41.9,32.6,,,31.5,34.5,34.2,,26.3,38.5,29.2,36,37.9,30,30.2,37.6
2012,California,CA,12.2,23.2,28.7,31.3,30.6,21.1,16,26.4,34.8,26.3,23.8,26.2,28.8,17.6,10.3,31.4,31.1,36.6,23.3,,,19.2,25,35.3,,34.8,30.2,28.7,23.4,27,20.1,16.8,29.9
2012,Colorado,CO,11.8,16.6,23.4,25.5,23.6,19.6,15.7,23.1,25.6,21.9,19.8,21.1,19,28.6,9.2,,26.9,28.2,18.7,31.7,,17,20.5,35.2,,30.4,22.2,22.2,22,19.6,19.3,16.9,23.7
2012,Connecticut,CT,9.6,28.7,28,28.8,27.9,26.5,17.8,29.2,33,28.3,24.1,27.1,44.2,,5.6,,32.2,34.3,24.1,24.4,,22.1,25.6,36.7,,41.5,30.8,30.8,27.3,28.7,21.4,21.2,35.5
2012,Delaware,DE,9.9,25.2,29.4,32.1,35.1,26,20.5,27.8,27.6,31.2,27.8,26,26.6,,2.9,,28.6,34.5,25.6,,,23.5,26.9,39.1,,30.8,30.1,35.5,30.5,26.1,24.4,15.8,32
2012,District of C,DC,,,,,,,,,,,,,,,,,,,,,,,,,,,28.5,24.1,22.6,19,14.8,29.3,26.8
2012,District of Columbia,DC,16,15.7,23.3,31,32.9,19.1,12,32.3,31.6,27.8,25.5,17.9,34.2,,4.6,,24.9,33.7,9.6,,,17.4,21.9,30,,45.5,,,,,,,
2012,Florida,FL,13.1,23.6,28,30.8,30.6,22.9,22.5,28.1,25.9,24.3,23.9,26.5,22.9,31.4,12.1,,25.1,34.5,23.5,,,23.3,25.2,36.9,,36.6,29.8,26,25.5,25.9,20.9,21,28.5
2012,Georgia,GA,14,30.6,31.9,33.6,36,25.4,23.2,32.6,28.4,31,30.5,27.7,36.8,,8.5,,29.2,36.4,26.3,17.9,,23.6,29.1,35.5,,40.7,33,33.2,27.7,28,25.3,24.9,32.4
2012,Hawaii,HI,17.3,24.7,32,27.7,25.9,14.1,17.4,27.8,27.4,23.6,20.3,26.8,34.1,,16.7,51.4,28,40,19.7,21.2,,18.7,23.6,32.5,,38.5,25.3,23.7,24.9,23.7,22.9,18.2,27.3
2012,Idaho,ID,13.3,21.7,31.3,34.2,29.8,26.9,24.2,24.5,30.3,29,26.2,27.3,32.5,37.4,,,31.6,,26,,,20.3,26.8,35.8,,37.8,27.7,27,32.7,27.2,22.6,21.9,28
2012,Illinois,IL,13.6,23.2,32.8,31.7,35.8,27.7,24.2,30.7,30,28.4,28,28.3,20,,7.1,,28.3,39.2,27.2,,,21.8,28.1,35.8,,44.8,28.6,28.9,27.2,30.5,25.3,23.6,34.7
2012,Indiana,IN,19.2,33.6,30.5,35.8,38.4,29.3,24.2,32.1,37.5,32.6,30.9,31.8,42.6,,14.7,,30.3,43.7,30.2,,,25.9,31.4,34.1,,28.6,35.5,31.7,33.8,35.2,23.8,26.7,36.9
2012,Iowa,IA,16.5,30,33,34.1,37.8,29.6,23.9,33.5,28.6,32.3,29.3,31.5,35.4,,5.4,,39.4,45.1,30.2,,,23.1,30.4,34.3,,23.3,36.6,30.1,31.1,30.5,27.8,23.9,37.4
2012,Kansas,KS,19.6,30.2,33,35.3,33.1,26.2,23.6,31.4,36,31.6,29,30.6,35,35.1,11,,35.9,36.1,29,,,22.9,29.8,35.7,,25.7,34.2,33.2,30.8,30.8,24,25.2,36.5
2012,Kentucky,KY,17.2,28.7,37.2,37.6,34.2,29.2,26.5,31.8,33.2,32.6,31,31.5,27.1,42.7,,,22.2,42,30.6,,,29.7,31.3,35.6,,30,34.5,31.7,32,33.4,25.6,28.3,34.1
2012,Louisiana,LA,19.6,34.6,41,40.4,39.6,30.4,28.3,34,38.6,37.5,35.9,33.5,30.9,25.2,,,35.1,45.4,30,25.6,,29.9,34.7,34.9,,36.4,38.2,32,37.1,31.7,32.8,26.1,44.5
2012,Maine,ME,14.4,27.4,32.9,32.9,32.1,25.9,19.7,31.6,34.8,29.6,26.6,30.1,30.3,37.6,,,24.6,,28.4,,,20.9,28.3,35.8,,40.2,31.9,30.1,33.5,26.6,22.7,20.7,34.8
2012,Maryland,MD,11.2,23.9,30.4,34.3,34.4,26.2,21.1,31.6,33.7,29.1,28.7,26.5,29,38.4,8.6,,27.6,37.4,24.5,16.9,,23.1,27.6,36.2,,38.4,32.9,32.1,29.2,31.8,24,21.7,30.3
2012,Massachusetts,MA,13.1,21.3,23.3,27.2,27.7,22.6,16.2,26.5,30.7,25.2,21.2,24.6,26.5,22,5.7,,30.4,35.1,22.2,25.2,,19.8,22.9,35.9,,27,28.3,22.6,22.6,26.4,19.5,20.2,29.7
2012,Michigan,MI,18.9,31.4,35.5,33.2,35.6,29.6,25.5,33.9,30.6,32.4,30.6,31.5,35.3,33.3,14.8,,37,37.8,29.9,,,23.3,31.1,34.6,,38,35.1,32,33.4,31.7,26.6,26.4,35.5
2012,Minnesota,MN,14.2,21.8,28.9,28,32.2,26.3,19.6,28.2,31.6,27.4,23.6,27.8,27,36.9,11.7,,30.6,28.9,25.4,32.7,,17.6,25.7,37.3,,40,28.5,27.4,28.6,26.1,23.3,22.4,27.2
2012,Mississippi,MS,22.4,36.7,40.9,37.4,39.8,29,30.6,34.1,37.4,35.6,37.3,31.8,19.9,,,,21.5,43.2,30.2,,,30.8,34.6,34.3,,42.1,37.9,37.5,33.9,31.6,27.5,31,40.5
2012,Missouri,MO,14.7,24.5,33,36.8,37,28.1,27.3,29.1,33.9,29.9,29.6,29.6,30.2,,,,42.1,41.2,27.8,,,24.7,29.6,36.2,,27,33.9,33.8,29.8,29.1,28.3,22.2,31.7
2012,Montana,MT,14.1,21.7,26.9,26.9,31.1,22.3,17.7,25.6,30.3,26.3,23.4,25.2,25.9,40.5,,,31.1,,23,,,20.5,24.3,37,,27.9,27.9,23.7,22.9,23.5,20.7,22.1,30.4
2012,National,US,15,25.6,31.3,32.4,33.3,25.8,21.2,29.9,32.9,28.7,27.4,28,29.7,33.7,9.7,25.8,30.3,37.7,26.5,24.2,,23.3,27.7,35.7,,35.4,31.6,29.2,28.5,28.9,23.4,22.9,33.1
2012,Nebraska,NE,16.6,26,31,33.4,35.8,26.8,24.5,32,29.5,28.7,28.1,29.2,32,35.6,9.3,,31.1,33.6,28.3,31.6,,21,28.6,36.4,,39.1,31.6,28.3,30.6,30.5,25.5,24.9,29.4
2012,Nevada,NV,12.2,22.6,31.4,29.9,32.5,25.1,19.2,26.8,31.2,27.3,25.8,26.5,25.7,19.8,20.7,,26.9,34.1,25.7,27,,21.3,26.2,36.3,,40.1,27.4,25.8,25.3,28.8,26.9,21.5,25.6
2012,New Hampshire,NH,14.9,25.4,30,32.4,30,26.5,20.7,30.6,35.8,28.4,25.6,28.9,20.8,,2,,26.1,,27.7,,,20,27.3,34.9,,22.7,26.9,30.6,31.3,29.1,24.1,23.7,33.8
2012,New Jersey,NJ,12.6,21.9,27.3,26.5,28.2,27.2,18.3,27.6,31.7,26.1,22.9,26.3,26.2,16.1,7.9,,26.3,36.1,24.1,22.5,,24.9,24.6,36.9,,43.2,28.8,26,25,26,22.5,20.9,30
2012,New Mexico,NM,17.7,28.6,34.7,32.3,28,20.4,19,28.2,31.8,29.5,27.5,26.7,23.5,41.8,6.7,,30,30.3,22.1,21,,21.8,27.1,35.7,,33.5,28,27.1,29.6,27.9,23.2,22.6,31.4
2012,New York,NY,12.7,19.5,25.7,26.6,28.7,25.7,18,23,33,25.4,22.9,24.3,36.3,,7.8,,25.1,31.5,23.2,,,24.7,23.6,37,,44.6,24.7,24,23.2,22.6,22.2,19.5,32.2
2012,North Carolin,NC,,,,,,,,,,,,,,,,,,,,,,,,,,,34.3,33.9,30.4,30.3,24.5,24.3,32.9
2012,North Carolina,NC,20.1,26.8,32.8,33.2,36.5,26.2,24.1,31.8,32.3,30.5,29.6,29.5,31.7,42.4,11,,30,40.3,26.5,25.7,,24.9,29.6,36.2,,32.7,,,,,,,
2012,North Dakota,ND,18.1,25.5,37.1,33.9,36.2,27.3,25,29.9,38.3,30.2,26.7,32.3,,41.8,,,38.6,,29.1,,,23.8,29.7,36.6,,29.1,32.1,26.8,32.2,31.1,31.2,20,30.9
2012,Ohio,OH,14,28.8,35.3,34.4,35.2,28.8,24.3,31.1,35.6,31.1,29.7,30.5,32.9,28.9,9.1,,27.8,39.4,29.2,25.5,,25.3,30.1,35.2,,32.5,32.6,30.6,33.9,31.5,25.5,25.4,33.5
2012,Oklahoma,OK,25.2,31.8,35.7,37.6,35.7,26.8,25.6,33.9,31.9,34.9,31.4,33.1,36.4,37.5,4.4,,30.6,45.5,31,,,28.3,32.2,35.6,,27.6,35,30.3,34.5,34.3,29.3,26.3,35
2012,Oregon,OR,12.9,28,30.5,31.1,32.9,25.4,19.3,31.3,35.4,28,27.3,27.4,28.9,,12.7,,32.4,,26.7,,,16.3,27.3,33.8,,32.2,27.6,25.9,31.2,26.6,23.1,21.1,38.1
2012,Pennsylvania,PA,18.5,27.8,29.4,32.9,33.5,29.3,21.7,33,31.1,29.4,29.2,28.9,31.1,18.4,9,,36,34.6,28.4,,,23.5,29.1,35.9,,35.4,33.8,31.9,31.6,31.1,22.9,23.9,35.4
2012,Rhode Island,RI,13.7,24.2,30.1,28.5,32.2,24.5,20.2,29.2,27.4,26.9,23.8,27.8,,,6.9,,25.4,24.2,26.3,,,23.6,25.7,37.2,,33,30.6,28.9,25.5,28.2,22.7,22.5,27.2
2012,South Carolin,SC,,,,,,,,,,,,,,,,,,,,,,,,,,,36.2,34.6,30.3,31.3,25,26.5,39.1
2012,South Carolina,SC,18.6,30.3,37.9,37.5,36,27.2,23.9,32.7,38.3,32.4,33,30.1,27.2,44.4,18.5,,28.4,42.5,27.8,30.8,,25.1,31.6,34.5,,32.2,,,,,,,
2012,South Dakota,SD,15.7,25.6,31,32,33.9,28.4,23.1,30.8,31.6,28.1,27.5,28.7,26.6,35.8,,,26.8,,27.8,,,22.5,28.1,37.9,,30.8,29.3,28.5,30.4,28.7,25.1,23.6,35.9
2012,Tennessee,TN,14.7,27.6,38.5,39.3,37,26.3,25.2,31.7,34.2,33.2,31.8,30.4,24.8,,,,29.3,40.7,29.6,,,28.6,31.1,34.2,,30.2,34.3,33.3,29.7,32.2,29.7,27.2,34.1
2012,Texas,TX,13.9,25.1,36.6,34.5,35.4,26.9,23.8,31,34.3,29,30,28.5,26.8,,6.6,,35.2,36.3,25.2,,,27.2,29.2,35.9,,35.5,34.7,28.3,29.6,30.9,24.3,22,36.1
2012,Utah,UT,12.2,21.8,24.6,32.7,31.8,25.6,21.7,24,27,25.5,24,24.6,23.7,37.8,5.4,,26.3,13.9,24.4,15.6,,16.5,24.3,33.5,,46.7,25.4,27.9,27.5,26.3,22.4,17.9,24.1
2012,Vermont,VT,15,25.1,20.7,25.8,26.9,25.5,16.5,28.9,27.7,24.5,23,24.4,24.5,,,,31.5,,23.7,,,17.2,23.7,36.6,,26.3,29.8,25.9,26.4,22.9,18.1,21.1,29.1
2012,Virginia,VA,13.9,23.5,28.3,32.5,36.3,26.8,19.8,32.5,33.9,28.1,27.5,27.3,34.3,39.1,8.8,,19.3,38.3,26,22,,22.5,27.4,36.2,,29.1,29.4,32.5,30,26.7,22.9,20.9,40.6
2012,Washington,WA,14.3,25.3,30.2,31,31.6,25.6,20.2,29.9,32.5,28.6,26.3,27.3,32.5,34.8,9.1,23.8,31.4,33.5,27.5,31.6,,19,26.8,35.4,,25.1,30.1,25,28.9,29.7,23.2,22.5,34.2
2012,West Virginia,WV,26.1,31.6,39.6,37.4,38.2,28.7,28.1,35.6,33.1,35,33.1,34.5,32.9,,,,25.1,43.3,33.8,,,31,33.8,34.5,,33,37.3,36,31.3,35.4,33.9,27.2,34.5
2012,Wisconsin,WI,16.9,26.2,30.9,34.4,36.6,29.5,24.1,31.5,37.5,29.2,29.8,29.6,,36.9,,,31.4,36,29.5,,,20.4,29.7,36.8,,27.9,32.1,32.9,26.9,32.4,25.1,30.1,33
2012,Wyoming,WY,14.6,23,29.1,26.6,32.1,20.5,17.1,25.7,36.2,25.6,26.8,22.6,37.4,24.1,,,28.5,,24.3,,,21.1,24.6,38.7,,23.1,26.4,22.2,23.5,29.1,21.9,26,25.2
2013,Alabama,AL,19,30.4,36.7,40,37.1,28.4,27.6,32.1,33.8,35.2,34,30.9,,46.2,,,28.2,41.3,29.6,,45.4,31.5,32.4,35.7,24.9,40.8,36.6,33.1,31.1,35.8,26.9,28.9,37.2
2013,Alaska,AK,12.6,28.1,33.5,29.8,33.1,30.4,21.2,33.1,28.2,29.6,27.5,29.2,23.2,33.6,30.3,,31.7,39.5,26.4,,55.3,22.3,28.4,37.7,36,29.8,32.7,24.5,31.7,32.3,27,19.6,29.3
2013,Arizona,AZ,13.4,29.6,27.6,34.6,30.4,23.2,19.2,27.3,42.5,24.9,27.1,26.5,14.8,53,,,36.7,34.5,21.7,23.5,51.9,25.2,26.8,35.1,31,38.9,33.7,25.5,22,26.3,22.5,27.2,32.4
2013,Arkansas,AR,29.6,34.2,42.1,37.9,38.5,26.4,27.2,36,39.6,34.5,34.1,35.2,33.9,20.3,,,42.5,46.2,32.3,,41.2,34.4,34.6,35.3,22.3,42,35.3,34.3,34.6,33,28.2,35.2,41.5
2013,California,CA,12.2,23,26.7,28.3,30.3,22,14.3,24.5,34.3,26.4,23.1,25.1,33.8,38.6,9.3,,30.6,34.8,21.8,,56.3,21.4,24.1,36,33.2,31.9,27.4,25.6,25.4,25.8,19.5,17,29.7
2013,Colorado,CO,11.3,20.8,24.5,24.6,24.9,18.6,15.8,21.7,28.8,24.1,21.8,20.8,23.2,23,9.8,,30.5,29.5,18.7,,60.4,17.9,21.3,35.1,35.9,37.5,23.7,23.3,21.8,22.3,18,19.6,28.2
2013,Connecticut,CT,15.5,21.5,28.6,26.2,28.4,26.3,18.6,28.5,29.8,26.9,24.4,25.5,33.1,,9.2,,32.8,32.5,23.3,16,50.9,24.9,25,37.6,30,39.2,33.6,28.6,28.1,22.8,21.2,23.6,29.6
2013,Delaware,DE,16,30.8,31.4,39.1,34.6,30.3,24.7,29.8,39.3,34.6,31.5,30.6,22.8,,8.2,,36.4,39.3,29.3,19.1,49.7,27.8,31.1,33.5,31.8,38.1,36.3,36.8,29.9,31.7,28.2,25.5,36.5
2013,District of,DC,,,,,,,,,,,,,,,,,,,,,57.7,,,,35.1,,,,,,,,
2013,District of C,DC,,,,,,,,,,,,,,,,,,,,,,,,,,,35.1,27.5,24.3,20.5,13.5,20.7,35.5
2013,District of Columbia,DC,7.6,18.9,27.4,29.9,30.1,23.8,13.7,31.3,37.8,27.7,24.9,20.6,19.1,,5,,15.3,36.4,9.8,,,19.5,22.9,30.9,,42.7,,,,,,,
2013,Florida,FL,12.3,25.3,32,32.2,28,24.8,21.8,28.4,29.4,26.5,25.3,27.5,33.8,34.9,14.1,22.4,26.4,34.2,25.1,20.2,50.2,27.7,26.4,36.4,29.6,37,27.2,26.5,28.7,27.7,22.8,20.1,33.7
2013,Georgia,GA,19.8,27.3,34.7,34.9,35.9,26.5,24.6,32,35.1,30.8,31.5,29.2,37.1,30.7,12,,28.5,38.3,27.4,36.7,50.8,27.2,30.3,35.4,30.7,32.9,33.4,32.3,31.6,33.2,25.2,25.2,35.8
2013,Hawaii,HI,15,25.8,24.2,27,21.9,16.1,15.7,24.2,29.3,22.3,18.7,24.7,33.9,,11.9,56.2,32.9,,19.1,23.7,60.2,22.1,21.8,33.6,35,31.1,26,19.8,23.4,23.9,20.8,17.1,20.6
2013,Idaho,ID,16.8,27.6,32.1,34.4,34.8,29.9,24.2,31.1,32.3,30.9,27.9,31.2,41.9,45.4,,,38.6,,28.4,,53.9,23.7,29.6,35.4,30.1,27.6,32.1,32.2,33.6,30.7,23,22.1,33.7
2013,Illinois,IL,15.8,24,33.7,35.7,34.8,28.8,22.8,33.5,31.2,30.9,30.5,28.3,26.5,,7.9,,35.8,37.9,27.9,,52.4,25.1,29.4,35.3,30.2,34.1,33,35.8,32.8,28,24.8,23.2,32.1
2013,Indiana,IN,19.7,29.2,32.7,38.8,37,30.7,25.4,33,35.1,33.6,32.6,31.1,37.3,44.7,7,,34.9,41.7,30.6,,44,31,31.8,35.4,25.6,34.5,34.8,33.7,34.4,33.2,27.1,26.8,37.1
2013,Iowa,IA,18.1,31.5,34.3,34.9,37.4,29.9,26.7,33,32.2,32.5,30.1,32.4,,,,,39.4,45.2,31,,46.9,28.5,31.3,35.7,27.2,32.4,33,32.1,33.1,31.4,29.4,25.5,37.1
2013,Kansas,KS,18.1,28.9,34.5,34.1,37,25.9,25.1,31,35.1,31.4,29.4,30.5,31,36.8,9.1,,33.6,40.5,29.4,27.8,49.1,26.5,30,35.3,26.8,29.8,33.6,31.1,31.7,30.6,26.2,25.5,35.3
2013,Kentucky,KY,18.4,29.2,38.6,38.6,40.5,29.7,25.7,35.7,34.2,34.3,33.1,33.3,34,43.1,,,29.2,40.9,32.8,,46,30.2,33.2,34.1,25.8,29.5,37.4,38.3,34.8,32.8,29.1,30.3,38.1
2013,Louisiana,LA,17.7,27.5,40.4,40.5,37.8,32.2,25.8,34.7,38.8,32.5,35,31.1,,,,,27.3,40.7,30.2,,45.1,32.2,33.1,34.3,25.9,38,36.8,28.2,38.4,28.7,30.6,27.1,40.3
2013,Maine,ME,15.1,24,33.2,34.3,33.4,27.2,22.2,31.5,34.2,29.8,28.7,29.1,25.7,44.7,,,16.8,,29,,53.6,23.3,28.9,36,29.6,24.6,33.7,30.1,28.4,27.4,25.3,24.2,35.6
2013,Maryland,MD,15.4,25.5,29.4,34.9,33.1,27,21.7,33.8,30.9,29.8,28.8,27.8,32.4,20.3,10.7,,28.1,37.3,25.5,22.4,48.6,25.3,28.3,35.9,32,48.3,32.6,29,31.1,27.8,26.1,23.7,37.3
2013,Massachuset,MA,,,,,,,,,,,,,,,,,,,,,,,,,32.6,,,,,,,,
2013,Massachusett,MA,,,,,,,,,,,,,,,,,,,,,54.5,,,,,,,,,,,,
2013,Massachusetts,MA,10.4,22.1,23.5,29.4,29,23.8,16.8,28.4,30.2,25.3,21.4,25.9,27.8,36.1,10.2,,31.6,33.8,23,17.8,,23.5,23.6,34.4,,43.6,27.2,24.1,27.3,27.2,19.3,20.6,33.2
2013,Michigan,MI,16.5,30.3,33.7,37.3,37.6,29.8,25.5,32.7,31.5,34.5,31.9,31.1,34.1,33.1,5.9,,32.7,39.2,30.6,,53.1,24.4,31.5,34.7,28.8,35.1,37,33.2,34.4,31,27.8,24.2,36.6
2013,Minnesota,MN,11.4,23.2,27.9,30.4,31.2,24.8,19.1,28.7,27.1,27.9,23.8,27,19.6,28.2,15.6,,29.5,32,25.2,37.6,52.7,23.5,25.5,35.6,31.2,31.9,29.3,26,28.3,28.4,22.7,20.1,27.3
2013,Mississippi,MS,23.5,35,38.9,46.2,36.7,28.2,30.6,38.2,38.7,32.7,36.4,33.8,,,,,35.3,42.5,31.1,,37.4,38.1,35.1,34.2,24.3,43.5,40.7,32.5,35,33.9,29.7,28.8,41.2
2013,Missouri,MO,20,25.9,39.1,34.8,34.6,26.7,23.1,32,31.3,34,30.2,30.7,36.4,,,,31.2,38.9,29.6,,48.6,28.3,30.4,35.1,26.4,24,32.3,36.4,30.8,32.1,28,26,29.9
2013,Montana,MT,10.4,25.4,26.9,30.3,27.7,23.4,20.5,27.3,24.2,25.4,23.1,26.1,39.9,39.6,,,33.8,,23.2,,57.8,22.5,24.6,36.8,31.8,18.3,25.6,22.6,27.8,25.1,22.5,21.3,26.4
2013,National,US,15.4,26.4,31.7,33.3,33.5,26.5,20.9,30.7,34.1,29.6,28.3,28.3,31.7,34.9,9.6,30.1,31.5,37.8,27.1,24.8,50.2,26.3,28.3,35.5,29.6,34.9,32.3,29.8,30,28.8,23.9,24.4,33.6
2013,Nebraska,NE,14.4,26.4,34.3,34,37.5,28.2,24.3,30.9,30.1,32.1,28.4,30.8,34.5,37.2,12.9,,30.1,34.7,29.2,,50.1,25.3,29.6,35.9,28.4,33.4,31.6,30.8,32.1,30.5,26.3,28.1,29.9
2013,Nevada,NV,11.2,28.3,31,29.6,28.5,23.9,21.4,29,27.7,25.8,26.6,25.9,26.8,37.4,8.5,,26.1,39,26.4,,53.6,23.7,26.2,38.6,32.8,28.5,25.1,30.8,29.4,21,26.7,26.2,26.5
2013,New Hampshi,NH,,,,,,,,,,,,,,,,,,,,,,,,,32.6,,,,,,,,
2013,New Hampshir,NH,,,,,,,,,,,,,,,,,,,,,55.4,,,,,,,,,,,,
2013,New Hampshire,NH,12.8,26.3,31,32.1,28.5,25.5,22.3,29.4,33.5,26.6,24.8,28.7,18,,,,25.3,,27.3,27.8,,22.4,26.7,35,,28.7,29.5,29.5,28.7,29.5,23.3,21.9,35.9
2013,New Jersey,NJ,14.4,23.7,28.3,31.5,29.2,26.2,19.1,29.1,35.5,28.1,24.9,27.8,38.3,41.5,10.4,,28.8,35.6,26,21,50.5,26.8,26.3,36.5,32,43.2,27.6,27.1,31.6,28,24.3,21.4,32.6
2013,New Mexico,NM,15.4,29.3,30.7,31.7,29,20.5,18.3,26.7,34.5,27.5,27.1,25.6,30.9,36.3,9.7,,29.4,35.5,21.9,12.3,55,24.3,26.4,36.3,32,21.8,29.5,27.5,26.9,27.3,21.6,22,29.3
2013,New York,NY,11.1,22.5,27.9,30.3,31,25.9,17.1,28.2,32.7,28,26.1,24.7,28.9,18.4,8.4,,30,34.2,24,,47.3,26.7,25.4,35.9,30.1,46,34.1,25.6,26.8,24.6,21.1,20.7,29.1
2013,North Carol,NC,,,,,,,,,,,,,,,,,,,,,,,,,27.9,,,,,,,,
2013,North Caroli,NC,,,,,,,,,,,,,,,,,,,,,48.6,,,,,,,,,,,,
2013,North Carolin,NC,,,,,,,,,,,,,,,,,,,,,,,,,,,33.2,31,32.9,25.5,25.7,25.2,36.5
2013,North Carolina,NC,16.9,28.1,31.1,34.2,37,25.7,22.7,30.4,35.2,30.7,30.2,28.6,24,43.8,8.1,,22,40.4,27.2,,,26.6,29.4,36.7,,30.7,,,,,,,
2013,North Dakot,ND,,,,,,,,,,,,,,,,,,,,,,,,,27,,,,,,,,
2013,North Dakota,ND,17.5,28.4,34.9,36.7,39.2,29.3,26.8,32,28.6,33.4,28,33.7,,36.1,,,33.6,,31.2,,45.3,27.6,31,36.6,,27.7,36.6,35.1,30.5,30.2,28.5,30,30.1
2013,Ohio,OH,17.8,24.8,35.3,35,37.4,28.6,24.6,31.7,36,30.9,30.8,30,46.1,23.1,6.6,,32.5,34.5,30,33.3,49.5,28.5,30.4,34.7,28.3,32.9,35.8,28.8,32.6,30.9,26.1,24.2,35.6
2013,Oklahoma,OK,25,29.9,34.4,40.1,38.1,26.9,28.3,33.9,35.6,32.6,32.2,32.9,29.9,41.3,18.3,,34.4,35.8,31.6,,43.9,33,32.5,35.4,24.3,37.8,34.6,31.9,32,34.3,31.3,26,36.4
2013,Oregon,OR,10,26.2,30.6,30.4,31,26,17.9,29.4,31.4,29.2,25,28,36.8,,5.6,,32.1,,25.9,,64.1,18.5,26.5,33.4,31.6,33.2,30.1,27.7,25.2,29,23.1,23.8,28.4
2013,Pennsylvani,PA,,,,,,,,,,,,,,,,,,,,,,,,,29.1,,,,,,,,
2013,Pennsylvania,PA,14.9,27.8,34.5,32.2,36.7,30.1,21,32.4,35.1,33.1,29.7,30.3,30.6,,4,,35.3,36.3,29.7,,47.8,26.3,30,34.5,,29.9,32.3,33.8,32.6,31.4,26,25.7,34
2013,Puerto Rico,PR,,,,,,,25.4,30,28.7,27.1,29.1,26.7,,,,,27.8,,,,,,27.9,38.7,,37.1,29.5,24.5,25.4,31.9,26.5,23,29.7
2013,Rhode Islan,RI,,,,,,,,,,,,,,,,,,,,,,,,,29.5,,,,,,,,
2013,Rhode Island,RI,15.8,29,30.3,31.7,28,26.8,21.2,28.9,31,29.6,26.1,28.5,24,,11.9,,30.6,35.6,26.6,41.5,49.1,26.9,27.3,37.3,,32.6,29.2,36.1,28.8,27.6,23.5,22.9,32
2013,South Carol,SC,,,,,,,,,,,,,,,,,,,,,,,,,27,,,,,,,,
2013,South Caroli,SC,,,,,,,,,,,,,,,,,,,,,49.1,,,,,,,,,,,,
2013,South Carolin,SC,,,,,,,,,,,,,,,,,,,,,,,,,,,36.1,33.8,32,31.1,27.8,24.8,37.7
2013,South Carolina,SC,17.9,34.2,36,35.8,37.6,26.7,25.4,32.4,35.3,33.9,33.4,30.1,38.8,31.4,8.1,,36.1,43,27.6,,,26.9,31.7,34.7,,22,,,,,,,
2013,South Dakot,SD,,,,,,,,,,,,,,,,,,,,,,,,,27.7,,,,,,,,
2013,South Dakota,SD,17.3,27.7,32.8,35.7,34.6,28.7,27.6,27.8,31.6,32.6,27.6,32,28.6,35.1,,,28.9,,29.9,,53.7,23.8,29.9,37.1,,26.4,30.7,28.8,25.2,34.2,29.5,29.2,31.7
2013,Tennessee,TN,17.9,33.5,40.3,39.8,38.6,28.3,27,34.7,41.3,33.2,34.6,32.8,,,,,,40.4,33,,37.7,37.2,33.7,34.7,19.6,33.3,36.1,35.7,39,35.8,26.3,30.6,38
2013,Texas,TX,19,30.6,33.5,35.3,37.1,27.6,22.9,34,38.7,29.8,32.2,29.6,27.2,27.2,9.5,,36.5,38.8,27.1,,42.1,30.1,30.9,35.3,28.4,33.9,35.1,31.2,32,31.6,24.7,26.8,41.1
2013,Utah,UT,11.3,21.4,28.1,30.7,30.4,25.4,20.8,25.4,21.9,26,23.7,24.6,24.7,27.4,8,,27.7,33.6,23.6,,55.3,20.6,24.1,35,32.3,42.8,27.1,26,27,25.5,22.1,18,26.3
2013,Vermont,VT,11,24.5,29.3,28.6,26.7,25.4,16,28.4,33.6,27.6,23.8,25.7,31,40.1,,,24,,24.6,,58.8,20.5,24.7,37.2,30.3,24.7,30.5,27.6,25.6,25.8,21.2,18.9,28.1
2013,Virginia,VA,12.4,22.7,32.9,31.8,33.3,26.4,21.4,31,30.6,28.8,27.3,27.1,30.5,24.2,10.2,,22.4,39.4,25.6,30.8,51.9,25.5,27.2,36.8,32.4,35.9,32.4,29.1,27.2,28.3,23.5,23.5,33.4
2013,Washington,WA,12.7,24.6,28.9,33.3,32.4,27,20.1,31.3,30.5,29.1,27.7,26.6,32.9,36.3,7.6,,29.6,39.8,27.9,31.4,56.3,20,27.2,34.3,31.5,32.2,32.5,25.8,26.2,25.9,24.5,26.9,33.3
2013,West Virgin,WV,,,,,,,,,,,,,,,,,,,,,,,,,18.6,,,,,,,,
2013,West Virgini,WV,,,,,,,,,,,,,,,,,,,,,47.6,,,,,,,,,,,,
2013,West Virginia,WV,24.5,35.7,42,40.5,37.9,29.1,31.7,36,34.9,36.2,34.9,35.4,34.7,,,,39.1,34.9,35.1,,,31.4,35.1,33.7,,30.3,35.3,37.2,31.5,36.4,35.6,35.3,34.7
2013,Wisconsin,WI,14.4,25.1,33.5,33.6,34.9,32.5,23.1,32,36.2,30.3,28.7,30.7,35.7,37.8,,,31.5,36.1,29.5,,53.4,23.8,29.8,36.7,29.8,33.5,31,35.7,29.4,28.8,28.1,28.9,29
2013,Wyoming,WY,17.1,29.9,29.8,30.8,32.7,23.4,21.8,27.5,32.1,30.7,27.4,28.2,46.8,25.4,,,32.4,,27.3,19.1,54.2,25.1,27.8,36.6,28.6,18.2,30.4,28.9,29.1,29.3,25.8,23.6,29.6
2014,Alabama,AL,20.4,31.7,40.9,39.9,37.4,28.9,28.1,35.4,34.8,34.4,32.9,34.1,39.3,35.2,,,22.9,41.9,31.4,,,27.6,33.5,33.4,,38.3,40.6,35.4,35.5,32.4,31,28,34.5
2014,Alaska,AK,14,28,33.6,35.2,34.5,29.6,23.4,28.3,32.8,34,30.2,29.3,34,33.8,17.8,,29.6,42.3,28.6,,,19.2,29.7,35.1,,26.7,29.6,32.9,36,30.2,29.3,18.8,31.5
2014,Arizona,AZ,16.6,29.1,33.3,34.9,33.5,24.7,21.6,29.8,32.1,32.1,28.8,29.1,29.5,44.6,6.6,,34,36.7,26.4,26.1,,21.2,28.9,35.1,,43.7,34.6,28.4,31.4,25.9,26.5,23.2,33.6
2014,Arkansas,AR,23.9,39.6,38,43.9,39.3,29.2,28.7,38,37,37.4,36,35.8,53.6,45.7,,,35.2,45.1,34,,,30.7,35.9,34.7,,29.4,36.5,36,31.9,36.7,33.6,34.6,42.8
2014,California,CA,13.3,23.7,28.1,26.9,29.8,24.1,17.2,25,34.2,26.1,25.4,24,28.6,32.1,8.9,,32.3,32.7,22.7,22.7,,21.7,24.7,35,,30.6,27.4,26.6,24,22.7,22.3,20.9,30
2014,Colorado,CO,10.9,18.7,24.1,24.7,26.1,20.5,16.2,23.3,26.3,23.7,20.7,21.9,18.2,37.6,8.7,,26.8,30.5,19.9,19.4,,16.4,21.3,36.1,,29.5,23.5,24.3,24.2,22.2,18.8,16.3,27.1
2014,Connecticut,CT,11.4,25,26.8,30.8,31.7,27.2,20.1,29.2,30.7,28.7,26,26.5,38.6,,13.1,,27.5,37.3,25.1,21.8,,20.6,26.3,34.1,,33.9,30.9,27.7,27.6,30.1,23.9,19.7,34
2014,Delaware,DE,17.4,25.9,34.5,36.4,35.9,30.5,25.2,32.7,30.8,33,31.9,29.4,27.5,,10.7,,31.3,37.7,29.6,,,24.9,30.7,36.8,,42.7,33.8,31.5,34.6,36.6,24.9,27.7,35.5
2014,District of C,DC,,,,,,,,,,,,,,,,,,,,,,,,,,,27.5,22.3,28.8,23,12.1,25,34.1
2014,District of Columbia,DC,10.3,18,20.6,32.8,26.5,23.7,12.6,30.1,37.5,27.3,23.7,19.5,34.2,,5.9,,19.9,33.9,10.3,,,20.8,21.7,33.2,,40.3,,,,,,,
2014,Florida,FL,15.3,24.3,31.2,33.1,28.4,23.2,20.2,27.4,29.5,28.1,26.6,25.8,23.2,,12.8,,27.2,36.3,24.4,,,23.7,26.2,36,,28.4,29.9,28.9,27.3,25.3,23.5,19.5,31.5
2014,Georgia,GA,17,29,33.3,36.2,35.2,29.5,25.6,30.8,37.7,30.6,32.4,28.6,27.2,,4.3,,23.3,37.8,28.9,,,23.6,30.5,35.2,,43.4,32,34,33.9,30.9,24.1,26.4,39.7
2014,Guam,GU,,,,,,,21.9,29.3,33.2,27.3,29,27,32.5,,10.5,39.8,32.4,,14.9,,,27.7,28,35.4,,50.3,28.5,24.6,28.9,28.6,23.3,24.9,34.5
2014,Hawaii,HI,13.8,25.9,28,26.4,23.9,14.1,17.4,25.2,21.3,23.2,21,23.1,32.1,,15.2,51.9,32.3,34.3,17.6,,,19.6,22.1,36,,25.4,23.9,22.5,21.5,21.7,21.4,17.4,27
2014,Idaho,ID,18.9,30,32.4,33.1,31.9,26.2,24.3,28.7,34.4,30.3,29.2,28.7,31.8,37.7,,,37.6,,27.7,,,18.7,28.9,36.8,,27.9,32,30.5,32.3,25.9,25.8,23.2,35.2
2014,Illinois,IL,13.1,22.6,35,34.3,35.8,31,22,33,32.3,31.5,30.7,27.9,23.1,,3.2,,34.9,43.8,27.5,,,23.9,29.3,34.5,,34.8,32.6,31.7,29,30.3,25.9,18.7,35.5
2014,Indiana,IN,19.9,32,35.5,38.8,37.8,30.2,27.6,34.1,34.9,33.8,33,32.5,30.1,39.2,10.4,,30.8,42.1,32.4,,,26.1,32.7,33.7,,23.9,34.7,31,34.8,31.9,30.6,27.6,40.3
2014,Iowa,IA,15,27.1,35.4,36.1,37.9,30.9,25,32.5,37.4,31.9,29.8,32,24,,6.2,,27.9,31.4,31.4,,,22.6,30.9,36,,33.5,35.2,34.7,31,30.8,28.9,26.4,32.8
2014,Kansas,KS,15.2,30,36.5,36.6,38.4,28.7,27.4,33.4,31.2,32.7,31.5,31.1,33.9,35.2,11.1,,33,42.1,30.5,,,23.8,31.3,34.7,,29.4,34,36.7,33.2,33,27.7,25.7,34.7
2014,Kentucky,KY,14.6,29.7,39.5,37.1,37,27.5,28.1,33.3,33.2,31.1,29.9,33.3,37,24,,,18.5,42.9,31.3,,,28.2,31.6,35.1,,33.6,35.2,30.3,33.7,35.4,28.1,24.6,35.1
2014,Louisiana,LA,19.4,35.5,40.7,38.5,40.1,32,30.7,37.1,36.1,34.4,35.7,34,44.3,26.9,,,32.9,43.4,31.3,27.9,,29.5,34.9,34.1,,31.1,36.1,39,37.8,33,33.7,27.6,40
2014,Maine,ME,14.7,29,29.5,34.4,31.4,25.9,22.5,31.1,30.9,28.8,28.5,27.9,19.3,35.4,,,30,,28.1,,,19.7,28.2,36.3,,32.6,32.2,30.2,29.9,28,23.7,23.5,32.7
2014,Maryland,MD,11.5,31.1,31.1,35.6,33.6,29,22.9,34.3,36.6,30.2,31.3,27.8,26.8,39,10.6,,22.6,39.1,27.9,36.5,,21.4,29.6,35.3,,41.5,35,30.8,33.2,31.2,26.9,24.7,36.4
2014,Massachusetts,MA,10.6,18.6,24.5,29.8,27.6,25.1,17,26.4,30.2,26.1,23,23.6,26.7,25,4.7,,32.2,34.8,22.7,25.3,,20.1,23.3,35.6,,34.2,28.4,24.9,27.1,25,19.5,17.9,33.3
2014,Michigan,MI,11.6,29.1,33.3,36.5,36,32.7,25.2,33.6,29.4,32.4,30.6,30.9,35.3,28.4,16.7,,36.8,33.6,30.2,,,25.5,30.7,34.9,,31.9,34.6,35.3,32.8,30.7,27.5,25.2,32.5
2014,Minnesota,MN,16.2,23.7,29.8,31.5,33,28.5,21.9,29.3,31.6,30.3,25.4,29.7,36.6,35,12.6,,34.8,32.7,27.6,,,20.2,27.6,36.5,,30.1,31.1,30.3,30.2,30.4,24.5,20.6,34
2014,Mississippi,MS,22,40.5,42.6,41.2,36.2,28.8,29.4,37.7,36.9,36.2,37.9,32.9,,,,,,43.4,32.4,,,31.6,35.5,35.2,,30.7,39.5,35.9,36,34,30.1,29.3,41.4
2014,Missouri,MO,18.9,31,34.4,34.2,32.9,27.9,25.2,32.7,33.7,30.3,30.2,30.2,24.3,52.4,9.5,,33.3,39.5,29.4,,,25,30.2,35.4,,29.3,32.5,35.2,33.1,29.9,26.1,26.4,35.1
2014,Montana,MT,16.5,24.1,31.3,29.9,27.3,26.7,20.5,29.5,34.4,26.1,24.9,27.7,36.8,41.5,,,24.8,,25.5,,,19.6,26.4,36.6,,28.2,30.3,28.5,27.2,24,24.1,23.1,28.6
2014,National,US,15.9,27,32.1,33.7,34.2,27.5,21.8,31.4,34.4,30.2,28.8,29,30.1,33.4,9.4,29.1,32.2,38.9,27.8,25.8,,23.7,28.9,35.2,,33.8,32.2,31.1,30.7,29.2,25.1,24.3,35.2
2014,Nebraska,NE,17.3,28.3,33.8,35.5,35.9,28.6,24.4,31.1,34.9,32.5,28.7,31.7,45.9,52.9,18.4,,31.7,37.3,29.5,,,21.3,30.2,36.5,,40.1,31.9,33.5,31.3,31.7,28.1,22.4,36.3
2014,Nevada,NV,12.7,29.7,36.8,28.9,25.6,27.6,22.6,26.2,37.8,27.4,25.4,29.9,20.6,35.5,15,,30.3,38.1,26.9,,,22.5,27.7,35.8,,28.9,27.5,27.9,28.7,27.2,22.6,30.6,36.7
2014,New Hampshire,NH,13.6,28.5,29.5,31.6,28.9,28.4,21,30.6,26.3,31.3,25.3,29.5,20.5,,7.5,,34.2,,27.7,,,19.3,27.4,36.2,,23.5,32.6,29,31,31.8,23.5,19.1,36.7
2014,New Jersey,NJ,13.3,24.4,29.4,29.6,32.6,27.3,20.7,32.3,31.8,26.3,25.3,28.5,31.4,23.6,8.4,,31,38.4,26,23.6,,23.3,26.9,36.3,,41.2,27.6,33.2,31.6,29.1,24.2,23.4,29.5
2014,New Mexico,NM,19.1,33.2,33.8,31.2,32.1,20.8,22.2,28.1,35.8,29.5,29.4,27.5,45.7,40.3,3.6,,31,37.7,23.4,30.3,,23.3,28.4,36.4,,32.6,30.5,29.6,29.9,29.1,24.2,23.3,32.6
2014,New York,NY,13.8,20.8,30.5,34.1,32.3,27.3,18.6,29.8,37.4,28.6,26.2,27.8,23.3,,11.8,,32.6,31.7,26.3,,,25.9,27,34.1,,43,28.9,30.4,31.4,23.7,22.3,25,35.1
2014,North Carolin,NC,,,,,,,,,,,,,,,,,,,,,,,,,,,33.8,32.5,32.3,32.2,24,25,34.2
2014,North Carolina,NC,18,30.7,33.3,34.2,33.8,25.9,23.6,32.7,34.5,29.5,31.1,28.3,23.3,28.9,16.9,,37.5,39.1,26.7,,,23.2,29.7,35.9,,31.2,,,,,,,
2014,North Dakota,ND,16.3,32,42.6,36.8,36.8,29.9,26.9,33,33.3,34.9,29.5,34.7,,40.9,,,40.9,,31.8,,,21.3,32.2,36.6,,34.3,34.3,29.4,33.8,36.8,29.8,28.5,35.1
2014,Ohio,OH,15.8,30.5,31.6,39.9,39.2,33.4,25.8,34.2,36.5,34.5,32.5,32.8,41.6,40.7,7.8,,26.5,41.9,32,32.2,,25,32.6,34.1,,34.6,34.7,29,34.4,35.7,28.4,28,42.1
2014,Oklahoma,OK,21.6,30.4,35.7,40,40,28.9,26.4,34.3,36.3,34.6,32.5,33.5,37.3,36.4,7.6,,35.5,33.4,32.9,,,28.3,33,35.2,,27.5,35.5,33.5,34.9,34.3,30.8,25.7,37.9
2014,Oregon,OR,13.4,28.7,29.4,29.1,35.2,27.1,20.2,30.2,28.8,31.7,28.7,27.1,26.6,,8.5,,25.6,,28.4,,,16.5,27.9,33.8,,23.2,31.2,25,31.3,26.3,25.3,25.5,33.5
2014,Pennsylvania,PA,17.2,29.3,34.8,33.2,34,29.5,21.1,34.3,35.4,30.9,29.1,31.2,29.4,,9,,38.6,37.1,29.5,,,23.3,30.2,33.9,,34.7,35,33.4,30.6,31.3,24.4,25.1,42
2014,Puerto Rico,PR,,,,,,,26.8,26.6,31.4,28.6,29.6,26.8,,,,,28.2,,,,,40.6,28.3,37.6,,33.9,30.7,22.8,31.5,23.3,16.9,27.4,29.4
2014,Rhode Island,RI,17.9,24.8,32.4,29.2,29.8,26.1,20.2,30.8,32.7,27.3,25.8,28.2,27.1,,13.3,,27.9,34.7,26.9,18,,22.5,27,35.5,,29.4,34.6,27.5,30.5,31.8,20.5,23.6,29.5
2014,South Carolin,SC,,,,,,,,,,,,,,,,,,,,,,,,,,,35.6,33.1,32.3,30.4,29.3,26.7,37.6
2014,South Carolina,SC,20.1,30.2,36.6,38,38.8,27.1,26,33.7,35.5,33.1,32.4,31.7,17.3,27.8,12.2,,32.5,42.7,28.8,,,25.3,32.1,35,,27.8,,,,,,,
2014,South Dakota,SD,15.8,29.6,34.2,33.4,37.7,26.7,26.9,30.2,30.5,31.4,28.1,31.5,54.3,40.7,,,25.6,,29,,,21.2,29.8,35.4,,26.5,34.6,30.3,30,33.6,29.8,20.5,32.5
2014,Tennessee,TN,18.6,27.9,37.1,39.3,38,23.9,25.5,31.8,38.2,30.9,30.5,32,,,,,38.9,40.7,29.6,,,26.8,31.2,35.9,,50.2,32.4,34,28.8,32.2,26.6,28.6,40.5
2014,Texas,TX,19.1,30.4,31.4,36.5,41.8,30.7,22.1,35.3,38.9,32.6,30.7,33.2,30.4,32.5,7.8,,35.6,46.5,27.8,,,27.6,31.9,35.9,,35.8,35.5,35.2,32.9,33.1,26.6,26.4,41.5
2014,Utah,UT,13.3,23.1,29.2,30,32.5,28.4,22,26.3,29.3,27,25.8,25.7,26.7,34.8,8,,28.5,29.4,25.7,,,16.8,25.7,33.8,,31.1,27.7,30.5,28.6,28.1,22.4,20.1,29.2
2014,Vermont,VT,12.6,22.4,28.9,26.8,29.1,25.5,16.8,30.5,31.9,25.5,24.2,25.3,27.1,,,,,,24.6,,,19,24.8,35.4,,24.4,33.1,25.8,28.1,26.4,18.3,21.3,28.1
2014,Virgin Islands,VI,,,,,,,,,,,,,,,,,,,,,,,,,,52.3,,,,,,,
2014,Virginia,VA,20,23.3,29.8,33.4,35.4,26.9,21.5,32.6,31.5,30.9,29.3,27.7,29.1,30.5,8.8,,31.1,38.9,26.7,,,23.5,28.5,36.3,,36.3,32.8,27.8,30.4,29.3,25.4,24.9,36
2014,Washington,WA,19,23.4,27.8,31,33.6,26.4,22.6,29.7,32.3,28.1,26,28.5,37.2,28.4,7,,34.6,33.5,28,23.7,,18.1,27.3,36.1,,22.6,30.1,25.4,30.2,27.9,25.6,22.9,31.9
2014,West Virginia,WV,20.6,35.3,43.7,40,40.3,30.8,30.4,37.5,37.2,35.3,36,35.3,36.5,,,,,46,35.1,,,28.7,35.7,34,,17.1,39.6,37.8,36.2,37.4,32.2,31.1,37.7
2014,Wisconsin,WI,16.7,31.7,36.4,32.5,36,30.3,24.3,33.2,33.6,33.4,30.5,31.8,54,56.9,8.9,,38.8,44.5,29.9,34.4,,21.2,31.2,36.2,,31.9,32.7,33.1,31.4,31.6,28.7,26.3,37.8
2014,Wyoming,WY,23.5,25.4,36.8,31.9,34.2,24.7,25.2,27,43.3,31,29.2,29.7,19.6,44,,,36.5,,28.8,16.9,,22.1,29.5,35.2,,24.8,31.5,26,32.2,29.4,28.3,25.4,38.9
2015,Alabama,AL,25.1,35.2,41.1,40.6,40.3,30.2,29.1,37.6,38.4,36.5,36.4,34.9,39.6,39.4,,,31.4,46.5,32.3,,44.6,31.9,35.6,33,25.7,25.1,39.3,38.8,36.5,34.6,32.7,31.2,40.5
2015,Alaska,AK,19.2,29.8,33.1,30.8,30.6,34.7,26.7,28.4,30.2,33,30.5,29.3,29.1,39.1,18.5,,24.1,39.3,28.1,,58.3,22,29.8,37.4,34.1,17.6,31,26,31.7,29,30.8,21.9,40.1
2015,Arizona,AZ,17.5,29.5,33.4,32.1,33.4,24.2,21,28.2,37.5,30.3,27.1,29.6,27.6,42.8,8.5,,35.9,31.5,25.4,23.8,53.8,24.7,28.4,36.9,30.7,31.5,33.5,28,28.4,30.5,24.8,23.6,34.8
2015,Arkansas,AR,20.7,33.7,39.9,42.2,38.8,29.8,30.9,33.6,36.2,36.9,33.9,35.1,42.5,29.2,,,32.4,40.4,33.4,,45.1,34.2,34.5,35,24.4,40.8,32.6,32.5,37.3,36.7,30,31.7,43.8
2015,California,CA,13.6,25.1,27.5,27.7,26.1,22.8,15.1,26.6,33.9,25.3,23.7,24.6,26.6,26,10.1,,31.3,30.8,22.2,24.3,57.3,20,24.2,36.2,33,33.4,28.5,30.2,27.4,25.4,19.1,19.6,29.5
2015,Colorado,CO,11.2,17.3,22.5,24.1,24.1,20,14.7,22.5,28.8,21.8,20.2,20.2,27.9,17.5,8.3,,27.6,23.2,18.7,15.3,60.6,17.9,20.2,36.4,35.4,36.1,22.5,23.7,21.5,21.9,17.4,18.2,24.5
2015,Connecticut,CT,11.2,26.4,26,29,29.5,25.5,18.8,28.9,34.5,26,23.9,26.6,32.2,20.5,10.1,,30.3,36.8,23.7,35.3,54.5,23.5,25.3,36.4,31.2,37.2,32.1,29.1,27.7,25.2,22.6,19.3,36.6
2015,Delaware,DE,18.2,29.6,30.3,36.3,33.4,27.9,25.6,31.4,36.1,29.2,31.2,28.1,,,,,38.3,32.8,29.4,,48.5,29.4,29.7,37.2,30.5,32.9,40.6,33.2,31.1,30.2,26,22.1,37.1
2015,District of,DC,,,,,,,,,,,,,,,,,,,,,57.9,,,,33.6,,,,,,,,
2015,District of C,DC,,,,,,,,,,,,,,,,,,,,,,,,,,,30.3,19.8,27.8,23.9,12.5,27.1,35
2015,District of Columbia,DC,15.4,12.3,22.5,33.7,28,29.7,12.7,30.2,40.3,28.8,26.4,17.6,19.1,,6.2,,19.1,35.2,9.6,23.3,,19.4,22.1,32.2,,38.1,,,,,,,
2015,Florida,FL,16.5,23.4,28,33.8,30.3,25.8,21.3,29,28.7,28.3,25.9,27.7,24.8,13.2,7.3,,26.1,35.3,26,,51.6,26.2,26.8,37.3,31.9,35.7,30,28.7,29.1,27.1,24,22.2,29.1
2015,Georgia,GA,16,31.5,30.2,36,37.9,29.7,24.4,32.4,33.6,33,32.3,29.1,28.3,,5.6,,30.2,37.3,27.9,,48,27.3,30.7,34.8,29.6,39.9,37.1,30.8,33.8,33.2,24.6,24.8,36.2
2015,Guam,GU,,,,,,,26.4,34.4,35,28.8,29.6,33.4,31.2,,9.9,45.1,35.5,,29.3,,48.9,31.1,31.6,35.5,32,43.8,32,28.4,28.5,37.1,29.6,33.2,34
2015,Hawaii,HI,14.1,22.5,30.7,26.5,23.8,17.9,17.1,24.8,32,22.7,19.7,25.5,31.8,,16,55.3,30.3,,17.2,,56.6,22.5,22.7,34.3,33.3,25.5,22.3,23.3,23.7,24.7,21.6,18.8,27.1
2015,Idaho,ID,15.5,29,31.2,31.9,34.6,27.3,23,29.6,32.8,30.1,27.3,29.8,36.7,28.9,,,33.1,,28.1,,55.3,21.2,28.6,36.6,29.9,30.7,35.2,30.3,34.5,26.8,22.5,24.7,28.7
2015,Illinois,IL,17.1,25.7,34.9,35.2,37,31.3,23.5,34.9,32.5,33.4,31.9,29.7,22.4,,9.6,,37.4,40.6,29.4,,49.8,24.8,30.8,35.4,31.5,41.5,36.1,30.1,27.8,31.6,28.4,26,37.7
2015,Indiana,IN,22.6,28.3,30.9,38,36.7,29.5,26.5,35.3,26.1,32.3,30.7,31.9,33.4,,5.4,,28.5,40.9,30.8,,44.1,29.4,31.3,35.2,27,22.6,34,38.1,29.6,33.9,28.4,26.2,32.3
2015,Iowa,IA,17.8,32.2,37.9,36.6,35.3,31.1,26.6,34.5,33.4,33.5,29.3,34.8,,,,,34.9,29.5,32.5,,48.8,26.3,32.1,34.5,29.8,30.5,35.1,38.7,33.9,38,28,24.7,32.1
2015,Kansas,KS,22.1,35.8,38,39.1,38.8,30.5,30,36.4,39.3,34.5,33.3,35.1,40.5,38.6,10.9,,39.7,45.6,33.4,,50,26.5,34.2,33.8,29,27.9,37.7,38,37.3,34.3,31,29.6,38.4
2015,Kentucky,KY,17.8,36.2,37.5,40.6,40.3,31.2,30.6,35.9,36.4,35,32.9,36.2,17.4,30.5,,,25.8,44.3,34.5,,45.2,32.5,34.6,32.6,28.4,36.1,41.2,39,33.6,35.7,35.4,30.5,37.1
2015,Louisiana,LA,29.1,28.1,44.5,41.6,39.8,33.6,29.1,39.2,40.2,35.2,36.5,35.9,26.5,,,,30.2,43.4,34.3,,46.2,31.9,36.2,33,27.2,25.2,41.3,40,35.8,34.2,32.7,31.7,43.1
2015,Maine,ME,22.5,27.2,33,31.8,33.5,29,21.8,34.1,32.4,31.7,30.9,29.1,30.3,21.7,,,27.5,,30.4,,53.9,24.8,30,36.5,27.9,22.4,33.4,30.2,30.3,30.1,24.7,31.7,36.5
2015,Maryland,MD,10.3,28.2,30.7,35.1,33.7,29.4,21.4,34.2,35.9,29.9,29.8,28,30.5,32.2,12.2,,24.8,37.7,26.9,34.3,52.9,24.1,28.9,36.1,32.7,36.3,29.2,33.7,36.4,32.7,24,25.2,41
2015,Massachuset,MA,,,,,,,,,,,,,,,,,,,,,,,,,31.5,,,,,,,,
2015,Massachusett,MA,,,,,,,,,,,,,,,,,,,,,51.8,,,,,,,,,,,,
2015,Massachusetts,MA,10.6,22,24.2,30,29.8,25.2,17.3,27.5,34.8,26.5,23,25.5,25.4,,7.7,,33.4,39.2,23.5,23.7,,26.5,24.3,35.4,,33.1,30.1,28.7,27.4,26.8,19.3,23,31.6
2015,Michigan,MI,16.4,29.9,37.8,35.7,34.6,30,25.9,34.2,31.8,32.1,30.6,31.7,34.9,37.5,9,,41,40.2,29.8,22.3,52.1,25.5,31.2,35.1,29.3,33.2,36.2,36.1,34,33.5,27,25.7,32.8
2015,Minnesota,MN,13.1,21,28.3,31.7,30.2,28.5,21.8,28.8,30.3,27,24.3,27.8,22.2,40.9,10.6,,29.4,25.2,26.7,,54.9,21.8,26.1,36.7,31.9,24.1,31.1,29.9,26.5,29.3,23.2,21.3,30.1
2015,Mississippi,MS,32.8,32.7,44.3,37,36.7,30.8,30.9,35,38.2,37.2,37.2,33.9,,,,,,43.7,31,,38,36.8,35.6,34.5,26.5,35.8,40.1,36.5,35.8,35.2,30.5,27,43.1
2015,Missouri,MO,21.4,27.5,39.8,35.3,38.7,29.4,28.7,32.7,38.5,32.6,31.2,33.5,30.6,32.6,,,30.2,36.9,32,,50.5,27,32.4,33.9,28.8,27.9,34.5,32,31.9,31.8,33.4,25.9,39.5
2015,Montana,MT,12.9,20.9,25.3,30.2,26.8,23.2,18.5,24.6,27.5,25.8,23.4,23.7,31.2,38.4,,,22.1,,22.6,,58.2,22.5,23.6,37.4,32.9,18.4,26.9,24.9,25.1,24.2,19.8,20.5,28.6
2015,National,US,16.7,26.7,32.1,34,33.4,27.6,21.7,31.7,34,30.2,28.6,29.1,28.9,36,10.2,32.6,32.2,37.7,27.9,24.3,50.9,25.9,28.9,35.7,30.4,34.5,33.2,32.1,30.6,29.9,24.6,24.7,34.8
2015,Nebraska,NE,15.1,29.8,33.6,38.3,36.5,32,25.4,34.1,29.6,34.3,29.8,32.9,33,47.3,13.4,,30.5,36.8,31.3,,51.3,25.3,31.4,35.6,31.2,28.2,34.5,36.5,33.3,33.1,27.9,26.5,32.8
2015,Nevada,NV,11.4,29.6,26.5,35.6,29.4,23.9,20.9,30.6,34.4,23.5,25.4,27.9,21.8,,11,,35,26.7,25.5,,54.5,24.7,26.7,38,34.3,35.3,25.7,31.9,28.7,30,25,20.6,33.3
2015,New Hampshi,NH,,,,,,,,,,,,,,,,,,,,,,,,,31.6,,,,,,,,
2015,New Hampshir,NH,,,,,,,,,,,,,,,,,,,,,57.6,,,,,,,,,,,,
2015,New Hampshire,NH,19.9,17.6,31.7,27.1,30.7,27.8,20.9,30.9,28.9,26.9,24.6,28,22.5,,14.2,,20.3,,26.8,,,22.6,26.3,37.3,,31.1,29.7,27.2,29.9,30.2,22.8,21.8,40.2
2015,New Jersey,NJ,10.7,23.3,28.1,30.5,28.9,26.9,20.4,29,32.6,25.1,23.7,27.4,48.4,,9.5,,26.6,35.7,24.8,19.8,48.9,27.2,25.6,37.8,31.5,43,31.5,32,27,26.4,22.9,21.3,30.9
2015,New Mexico,NM,21.7,29.2,38.4,31,31.4,22.3,21.1,30.3,35.1,29.8,28.5,29.2,25.5,36.9,,,33.1,39.2,23.2,,56,22.6,28.8,35.7,33.7,34.2,33.5,33.2,26.6,31.3,22.8,24.5,31.5
2015,New York,NY,12.7,20.1,29.7,30,29.7,24.9,17.2,28.6,32.8,26.5,24.3,25.8,22.4,38.6,9.1,,29.3,30.9,24.5,,47.1,29.3,25,34.5,30.2,43.8,28.7,26.4,25,25.4,21.5,20.9,35.1
2015,North Carol,NC,,,,,,,,,,,,,,,,,,,,,,,,,29.3,,,,,,,,
2015,North Caroli,NC,,,,,,,,,,,,,,,,,,,,,48.1,,,,,,,,,,,,
2015,North Carolin,NC,,,,,,,,,,,,,,,,,,,,,,,,,,,35.6,37.3,30,28.7,23.6,27.9,34.8
2015,North Carolina,NC,20.1,26.5,33.7,35.1,36.4,26.7,22.3,33.2,36.8,30.7,31.3,28.9,15.9,46.4,15,,25.4,40.1,27.7,,,26.2,30.1,35.8,,36.1,,,,,,,
2015,North Dakot,ND,,,,,,,,,,,,,,,,,,,,,,,,,27.6,,,,,,,,
2015,North Dakota,ND,16.7,24.8,40.2,38.6,35.6,30.9,26.3,34.1,32.1,31.7,27.1,34.5,42,39.3,,,,,31.1,,47,26.8,31,36,,28.7,35,34.7,30.3,30.7,31.2,23.5,34.2
2015,Ohio,OH,17.8,24.9,30.9,35.6,37,29,22.8,32.4,28.7,32.8,28.4,31.1,43.1,51.6,8.8,,19.5,35,29.7,,50.2,27,29.8,36.7,29.5,32,32.8,31.9,32.5,32.3,25.1,28.2,30.4
2015,Oklahoma,OK,22.5,36.4,34.2,43.3,37.6,28.1,27.1,35,36,36.3,34,33.7,33,47.3,,,32,36.9,32.9,,46.6,33.2,33.9,35.1,26.2,32,38.1,31.9,38.7,33.6,30.8,29.8,37.5
2015,Oregon,OR,20.3,27.5,35,29.6,36.3,28.9,21.5,29.9,34.1,35.7,28.9,31.1,30.5,31.9,11.9,,36.2,,30,,60.4,18.8,30.1,34.5,30.4,27.9,33.9,34.6,32.4,30.5,25.7,24.8,38.2
2015,Pennsylvani,PA,,,,,,,,,,,,,,,,,,,,,,,,,29.6,,,,,,,,
2015,Pennsylvania,PA,12.8,26.5,34.4,33.7,37.3,30.8,21.3,34.2,32.3,31.8,30.1,29.9,33.8,,13,,43.1,33.6,29.2,,49.8,27.8,30,36.2,,35.2,36.2,33.2,33.6,33.2,24.5,24.6,36.8
2015,Puerto Rico,PR,,,,,,,26.4,31.6,30.1,29.5,31.1,27.8,,,,,29.5,,,,34.1,48.1,29.5,37.5,10.9,26.2,32.6,26.1,28.7,28.6,32.4,26.1,29.9
2015,Rhode Islan,RI,,,,,,,,,,,,,,,,,,,,,,,,,28.7,,,,,,,,
2015,Rhode Island,RI,10.8,24.1,31.7,33.2,29.6,24.4,20.2,30,32.1,24.9,24.1,27.9,29.3,,4.7,,28.1,33.1,25.6,22.5,50.4,28.1,26,36.7,,27.9,29.1,33.8,26.7,28.3,23,19.3,36
2015,South Carol,SC,,,,,,,,,,,,,,,,,,,,,,,,,29.4,,,,,,,,
2015,South Caroli,SC,,,,,,,,,,,,,,,,,,,,,50.5,,,,,,,,,,,,
2015,South Carolin,SC,,,,,,,,,,,,,,,,,,,,,,,,,,,34.1,32.5,33,32.1,28.2,26.7,40
2015,South Carolina,SC,20.3,30.3,36.6,38,35,28.5,25.6,36.3,33.4,31,33.1,30.3,24.2,27.5,16,,28.3,40.9,28.6,,,26.7,31.7,34.5,,27.4,,,,,,,
2015,South Dakot,SD,,,,,,,,,,,,,,,,,,,,,,,,,28.8,,,,,,,,
2015,South Dakota,SD,16.2,26.2,35.8,35.9,40,26.6,28.6,29.3,30.2,32.8,28.5,32.2,31.4,37.1,,,31.8,,30.1,,53.6,21.5,30.4,34.1,,22.9,32.3,34.8,33.4,32.6,28.4,22.8,35.7
2015,Tennessee,TN,18.1,35.1,40.3,41.1,37.6,27.7,27,37,33.1,35.5,34.5,33.1,32.6,45.8,,,19.2,48,31.9,,45.4,30.4,33.8,34.9,27.6,36,35.2,35.4,33.4,37.2,32.4,26.3,38.6
2015,Texas,TX,22.4,29.5,33.9,40.5,36.5,29.7,25.4,34,40.2,32.5,33.1,31.7,23.1,33.5,9.7,,38.8,39.1,28.8,,44.3,29.5,32.4,36.3,29.3,36.7,36,35.7,32.3,29.9,28.3,30,41.1
2015,Utah,UT,10.2,23.6,26.5,31,31.1,26.2,21.2,25,27.6,25.8,24,24.9,28,34.3,6.5,56.5,27.1,29.4,24.1,,55.3,20.3,24.5,35.2,34.8,32.2,26,28.5,27.4,24.9,21.9,22,29.7
2015,Vermont,VT,13,25.4,26.1,29.5,26.5,26.9,17,31.2,34.2,25.6,25.6,24.7,25,44.5,,,26.1,,25.2,,58.9,22.2,25.1,34.7,30.5,25.5,30.9,30.6,27.8,27.8,20.2,20.4,27.7
2015,Virgin Islands,VI,,,,,,,,,,,,,,,,,,,,,,,,,,52.5,,,,,,,
2015,Virginia,VA,16.7,25.3,33.2,33.9,34.3,29.3,23,30.5,40.5,30.3,29.7,28.8,31.9,24.9,12.3,,29.6,39.2,27.8,,51,25.1,29.2,34.9,32.3,40.5,34,29.2,32.4,30.8,25.2,25.1,40.4
2015,Washington,WA,13.6,24.3,28,30,32,27.2,20.1,29.4,27.3,29.4,25.9,26.9,27.1,29,10.3,25.3,30.5,32.8,27.4,22.7,58.4,19,26.4,36.1,31.8,32.1,29.6,31.4,29.8,27.4,23,22,33
2015,West Virgin,WV,,,,,,,,,,,,,,,,,,,,,,,,,20.9,,,,,,,,
2015,West Virgini,WV,,,,,,,,,,,,,,,,,,,,,48,,,,,,,,,,,,
2015,West Virginia,WV,20.7,33.2,40,44.7,41.8,30.3,31.4,38.3,36.7,33.6,33.8,37.4,35.2,,,,,44,35.4,,,30.8,35.6,35.5,,28.2,38.9,41,33.2,39.4,33.9,30.2,38.1
2015,Wisconsin,WI,14.1,29.3,34.3,36.5,33.7,31.9,24.8,32.1,28.9,34.4,30.1,31.2,33,45.7,,,30.2,44.5,30.2,,56.8,21.6,30.7,35.3,28.6,34.1,38.4,30.1,33.6,28.2,28.5,22.4,36.4
2015,Wyoming,WY,20.4,27.4,32.6,31.1,33.7,27.3,20.7,30.9,24.9,33.3,27.8,30.1,,44.7,,,31.2,,28,,54.4,26.2,29,36.4,32.1,25.2,35.9,31.3,30.1,28.6,25.2,27.7,30.1
2016,Alabama,AL,22.6,33.5,43,43.5,40.7,29.6,30.5,36.2,40.1,36.3,35.2,36.2,29.9,32.9,,,29.8,44,33.5,,,29.4,35.7,33.9,,25.1,40.4,35.3,37.5,34.4,34.5,30.1,39.8
2016,Alaska,AK,15.1,31.2,40.3,35,30,35.3,21.7,27.9,32.8,39.9,30.3,32.3,29.2,43.1,,,29.9,,29.3,,,19.1,31.4,35.3,,21.8,36.3,41.5,30.1,31.2,30.3,27,27.6
2016,Arizona,AZ,14.4,28.5,34.5,36.4,33.8,25.9,22.2,30.5,35.8,30.2,27.8,30.2,38.1,42.1,11.9,,35.2,31.3,26.1,28.3,,23.1,29,34.2,,41.2,36.2,26.5,31.2,28.1,25.8,25.3,32.8
2016,Arkansas,AR,28.6,33.4,43.8,42.7,39.6,27.6,31.6,36.5,34.6,37.8,39.4,32.1,32.1,28.7,,,29.3,47.3,34.5,,,32.5,35.7,32.5,,29.7,33.5,38.1,40.3,31.1,35.4,29.9,43.8
2016,California,CA,14.5,23.2,27.8,30.2,28.9,23.5,15.1,26.9,36,26.7,25.2,24.9,29.4,38.2,9.6,,33.3,29.6,23.3,28.4,,20.5,25,36,,31.5,29.3,27.4,27.3,26.8,20,23.4,31.2
2016,Colorado,CO,12.8,19.1,25,26.9,26.9,21,16.9,25.9,27.6,23.9,22.2,22.4,26.2,23.6,9.4,,26.9,33.5,20.8,35,,15.8,22.3,35.8,,30.8,26.5,23.7,21.2,24.4,20.6,19.4,24.7
2016,Connecticut,CT,13.4,24.2,29.7,30.2,30.4,24.9,19.4,29.8,34,27.4,25,26.9,38.8,,5.8,,33,39.1,24.1,22.8,,21.3,26,35.9,,36.6,31.4,26.7,27.9,31.4,21.5,23.4,36.3
2016,Delaware,DE,19.3,26.5,35.6,35.5,34.1,30.4,24.2,34,41.3,28.9,30.7,30.7,29.3,,9,,27.2,39,29.3,,,26.6,30.7,37.3,,39.1,34.9,29.9,34.7,28,28.4,26.7,39.6
2016,District of C,DC,,,,,,,,,,,,,,,,,,,,,,,,,,,36.7,34.4,28.4,18.7,14.8,22.4,34.9
2016,District of Columbia,DC,11.6,17.3,27,27,31.4,24,13.4,30.4,40.7,31.5,27,18,,,3.3,,20.8,37.4,9.4,32.4,,16.2,22.6,30.8,,39,,,,,,,
2016,Florida,FL,14.9,27.2,29.4,31.7,32.6,25.8,21.9,29.7,32.4,27.8,26.6,28.3,27.6,34.1,14.3,,27.2,34,26.7,27.9,,29.8,27.4,35.8,,34.1,31.3,27.5,27.7,27.7,25.4,23.8,32.2
2016,Georgia,GA,17.3,27.6,35.8,36.7,37.6,31,23.5,32.3,38.2,34.1,33.1,29.8,22.6,,3,,32.4,38.2,29.8,,,29.4,31.4,34.4,,32.2,35.4,32.2,41.1,31.2,27,23.6,37.8
2016,Guam,GU,,,,,,,22.4,33,31.9,23.7,27.3,29.2,37,,9.5,38.8,28.8,,29.9,,,29.6,28.3,36.2,,36.6,25.3,37.1,33.3,28.1,27.5,26.5,23.3
2016,Hawaii,HI,13.9,26.3,29.6,30.3,26.4,16,17.8,27.5,26.6,24.9,21.4,26.1,36.6,,16.5,50.9,31.8,28.4,18,,,20.8,23.8,33.8,,31.7,23.3,23.8,25.7,26.1,22.3,16.1,33.7
2016,Idaho,ID,21.5,26,25.8,35.1,30.7,25.2,22.6,28.7,32,28.1,26.6,28.1,49.3,37.8,,,30.3,,27.1,,,20.2,27.4,37.1,,31.7,32.3,25.4,23.8,33.3,25.7,20.6,28.8
2016,Illinois,IL,17.3,27.6,35.4,38.2,36.9,30.9,26.2,33.2,39.4,32.4,31,32.3,19.9,,11.5,,36.6,39.5,30.7,,,23.9,31.6,33.4,,38.2,34.7,30.2,31,34.4,28.7,27.8,38.2
2016,Indiana,IN,17.6,32.4,35,39.4,37.5,30.6,27.2,33.8,34,34.1,32.6,32.3,48.3,30.6,8.5,,26.8,42.1,32.1,,,26.8,32.5,34.7,,26.4,35.3,35.2,33.3,34.6,28.7,27.2,36.5
2016,Iowa,IA,18.4,28.2,38.7,36.3,37.9,30.9,26.7,32.8,38.6,33.2,30,33.8,,,14.4,,27.8,35.2,31.9,,,22.7,32,36.7,,25.4,34.1,31.9,32.7,36,28.6,28.3,38.3
2016,Kansas,KS,19.8,28.7,36,35.9,36.8,28.9,27.3,32.3,30.4,33.6,30.9,31.4,30.3,31.4,15.2,,32.9,41.7,30.5,,,23.5,31.2,35.6,,20.5,34.7,33.2,34.8,32.8,27.3,26.4,37
2016,Kentucky,KY,20.3,33.7,40.7,39,37.9,31,29.4,35.4,37.4,34.3,35.2,33.1,31.9,25.6,,,30.2,40.1,34.2,,,29.8,34.2,34.9,,19.1,38.5,39.8,38.3,34,30.2,29.2,36.3
2016,Louisiana,LA,25.9,28.8,45.2,40.5,36.6,35.3,29.3,38.2,36.3,36,36.5,34.5,30.2,48.3,,,32.9,42,32.3,,,29.1,35.5,33.7,,37,42.7,36.6,38.4,34.1,33.5,26.9,35.6
2016,Maine,ME,20.7,25.8,30,37.3,33,28.7,21.9,33.3,35.7,31.8,29.5,30.3,26.1,48,,,34.2,,29.9,,,20.6,29.9,35.3,,25.6,31.1,34.2,33.1,30.9,25.1,22.3,38.1
2016,Maryland,MD,16.3,28.3,31.7,34.6,35.5,29.2,23.2,33.6,35.4,32.8,31.5,28.3,28.3,39.2,8.4,,28.9,37.6,28.6,32.6,,23.1,29.9,34.7,,42.2,36.6,29.3,35.8,29.1,27.6,27.7,32.5
2016,Massachusetts,MA,14.5,19.4,24.4,26.9,28.6,25.1,18,27.7,32.5,23.7,21.1,25.9,31.6,,9.4,,28.9,36,22.7,15.9,,20,23.6,36.7,,32.9,31.9,26.3,27.7,25.7,20.1,22.2,30.7
2016,Michigan,MI,21.7,28.9,38,36.6,34.9,32.2,26.2,36.3,33.8,33.2,32.6,32.4,34.9,42.1,7.7,,37.3,38.4,32,,,23.9,32.5,35,,27.2,34.5,34.1,37,32.9,27.7,29.6,38.7
2016,Minnesota,MN,16.1,24.6,28.4,32.6,32.7,28.6,22.3,30.4,33,29.5,25.9,29.5,37.8,36.6,11.5,,35,33.2,27.6,,,18,27.8,37,,28.2,35.2,30.6,29.2,29.2,24.3,22.7,34
2016,Mississippi,MS,19.9,38.4,47.5,45.5,39.8,31,32,38.3,34.1,40.8,39.3,35.2,,,,,25.4,46.8,32.4,,,30.3,37.3,34,,34.8,41.9,36.5,35.8,39.9,32.4,33.3,41.2
2016,Missouri,MO,17.7,27.2,35.4,36.3,40.5,30.1,26.6,31.2,37.9,33.9,31.4,32,32.8,38.2,3.4,,34.6,39.6,30.8,,,24.9,31.7,35.6,,37.6,36.7,30.4,33,33.4,28.1,27.3,38.4
2016,Montana,MT,15.4,23.6,26.9,31.8,29.1,24.3,21.7,27.4,26.2,26.6,26,25,27.8,31.6,,,28,,25.2,32.5,,19.9,25.5,37.3,,21.4,27.2,29.8,24.2,24.5,23.9,21.7,31.2
2016,National,US,17.3,27.2,33.1,35.1,34.2,28,22.2,32.3,35.5,31,29.5,29.6,31,38.1,9.8,30.6,33.1,38.3,28.6,26.1,,24.2,29.6,35.2,,33.5,33.4,31.9,32,31.1,25.4,25.5,35.4
2016,Nebraska,NE,17.2,31.3,34.6,39.7,37.6,29.9,29.5,33.4,34.6,32.1,31.4,32.6,32.9,38.2,14.6,,33.1,37.6,31.7,,,22.4,32,36.6,,31.4,33.7,34,35.8,32.2,29.6,25.9,35.9
2016,Nevada,NV,16.9,24.8,24.8,30.7,29.3,25.7,19.2,30.6,26.6,25.5,25.8,25.8,32.9,36.4,14.1,,26.2,27.7,26.4,17.2,,24.7,25.8,36.5,,34.3,29.3,29.1,26.2,24.4,21.7,26.6,28.1
2016,New Hampshire,NH,13.7,29.9,26.1,30.8,29.1,26.5,22.8,28.7,33.5,26.7,26.5,26.6,32.9,,11.2,,15.8,,27.2,,,19.3,26.6,36.9,,25.9,32,29.1,31.4,27.1,23.4,23.8,31.1
2016,New Jersey,NJ,14.2,25,26.1,32,33.9,28,20.2,29.2,41.5,28.5,25.6,29.1,23.3,,8.3,,36.7,37.5,25.5,,,29.8,27.4,36.5,,44.4,31.7,34.6,30.8,28.6,24.2,21,39.6
2016,New Mexico,NM,17.6,31.7,33.6,33,29.8,24,22.4,27.7,32.4,31,27.6,29.1,38.3,37.5,,,29.8,25.5,25.2,,,20.3,28.3,36.6,,25.4,27.7,30.1,29.4,27.6,25.9,27.3,32.7
2016,New York,NY,12.7,22.4,27.7,31.6,31.1,24.6,18.5,30.3,31.9,26.1,25.2,25.9,29.8,25.2,9.9,25.3,29.8,33.8,24.4,,,26.3,25.5,35.3,,41.9,30.3,25.9,29.7,27.5,20.9,21.8,30.7
2016,North Carolin,NC,,,,,,,,,,,,,,,,,,,,,,,,,,,37.5,34.7,32.2,33.4,27.6,26.5,37
2016,North Carolina,NC,17.7,30.4,36.4,39.9,34.6,28.6,25.5,34.5,38.1,32.1,33.3,30.3,33.5,39.8,8.1,,31.2,41.4,30,,,23.3,31.8,35,,36.6,,,,,,,
2016,North Dakota,ND,17.7,32,35.5,38.3,36,32.1,28.7,32.5,30.5,34,31.6,32.2,32.7,46.7,,,40.7,,31.8,,,22.2,31.9,36.2,,25.7,33.7,38.4,35,32.5,30.2,20.7,34.9
2016,Ohio,OH,16.6,29.7,34.6,37.5,37.2,29.7,25.4,33.8,35.6,32,32.1,30.9,42.8,60.4,12.7,,37.9,35.8,30.8,,,25.9,31.5,34.8,,28.9,34.7,35.4,30.9,34.2,26.8,26.1,38.6
2016,Oklahoma,OK,22.9,28.9,40.2,36.3,36.3,30.5,27.9,31.5,39.3,34.6,32.2,33.3,34.6,40.7,4.1,,42.6,39.5,31,,,28.5,32.8,36,,27.3,35.6,35.5,34.5,33.8,29.9,29.2,34.4
2016,Oregon,OR,17.4,25.7,32.2,35.4,30.9,27.7,20.4,31.2,39,30.8,28.8,28.7,31.9,,6.9,,35.2,,28.7,,,17.2,28.7,33.9,,26.3,32.7,32,32.6,26.7,24.5,26.1,34.9
2016,Pennsylvania,PA,15.9,27.3,32.9,36.7,34.2,30.5,21.9,34.7,35.3,30.5,29.3,31.3,35,,5.1,,36.9,38.5,29.7,,,22.9,30.3,35.2,,29,35,37.2,31,33.9,25.2,23,35.4
2016,Puerto Rico,PR,,,,,,,27.9,30.9,34.5,29.5,31.4,30,,,,,30.7,,,,,41.7,30.7,35.8,,,30.5,26.6,31.5,35.1,20.5,28.1,33.1
2016,Rhode Island,RI,13.1,25.8,27.1,32.4,33.7,25.2,20.1,30.6,37.8,24.4,25.3,28,30.6,,2.5,,36.1,28.4,25.4,,,24.4,26.6,37.1,,35.9,31.9,30.7,28.8,27,22.4,22.4,37
2016,South Carolin,SC,,,,,,,,,,,,,,,,,,,,,,,,,,,35,37.3,33.4,33.4,26.9,27.2,39.5
2016,South Carolina,SC,16.9,31.1,38.2,41.7,34.4,28.7,25.7,34.8,34.3,34.1,33.5,31,31.1,41.9,17.7,,24.3,41.6,29.3,38.5,,26.9,32.3,35.1,,30.3,,,,,,,
2016,South Dakota,SD,15,26,38.6,35,34.2,27.3,28.7,31.3,26.9,29.5,26.7,32.3,29.3,39.6,,,31.1,,29.5,,,18.9,29.6,37.3,,25.1,27.9,34.8,31.8,32.3,31.6,21.4,25.4
2016,Tennessee,TN,22.5,34.8,41.3,39.3,40.7,28.6,28.5,36.7,35.2,37.5,33.5,36.2,42.6,,,,39.1,46.6,32.5,,,28.4,34.8,33.8,,36.5,37.8,39.4,38.8,34.2,31.8,30.4,34
2016,Texas,TX,23.9,30.7,38,38.7,39.2,30,24.6,36.8,38.8,35.4,34.6,32.8,19,32.5,7.8,,37.8,41.7,31,,,25.2,33.7,34.8,,35.9,30.9,36.3,36.2,35.5,30.3,31.1,42.9
2016,Utah,UT,8.9,23.1,29,31.7,34.5,26.8,23.1,27.5,27.9,25.1,25.1,25.6,22.9,32.9,9.5,,28.8,31.2,25,,,15.7,25.4,35,,40.8,26.1,25.2,30.1,26.6,23.9,22.8,25.3
2016,Vermont,VT,18.7,24.5,30.7,31.1,30.1,25.9,19.5,31.9,34.5,28.3,26.2,27.9,22.3,47.6,,,27.4,,27.2,20.8,,19.5,27.1,34.7,,24.7,29.5,28.1,26,26.6,24.1,26.5,36.9
2016,Virgin Island,VI,,,,,,,,,,,,,,,,,,,,,,,,,,,34,30.6,36.3,43.3,32.6,31.8,25.2
2016,Virgin Islands,VI,,,,,,,32.5,39,23.6,40,41.9,22.2,,,,,32.7,34.3,21.3,,,26.1,32.5,32.7,,,,,,,,,
2016,Virginia,VA,18.2,25.7,29.4,36.9,33.1,27.8,22,32.1,34.6,31.9,29.5,28.5,36.2,47.8,12.6,,28,40,27.5,,,23.3,29,36.5,,36.7,34.9,31.5,31.7,29.2,25.1,25.1,38.1
2016,Washington,WA,16.4,27.2,32.2,32.9,31.4,28.3,20.2,31,34.1,32.6,27.7,29.5,33.5,41.9,8.1,,37.7,36.1,29.1,22.9,,17.6,28.6,34.9,,39.9,32.4,33.2,31.2,30.8,24.9,22.5,37.6
2016,West Virginia,WV,26,35.4,40.8,46.3,43.2,32.4,32.3,40.7,33.9,38.8,37.4,37.9,45.1,,,,,43.9,37.6,,,28.5,37.7,33.3,,30,37.9,43.3,40.6,43.2,33.5,33.3,36.2
2016,Wisconsin,WI,14.8,27.1,35.5,31.3,35.9,34.6,24.2,32.9,28.8,34.3,29.9,31.5,35.4,48.9,,,25.1,31.4,31.6,,,20,30.7,35.5,,25.4,33.2,29.9,33.3,33.9,27.8,28,31.2
2016,Wyoming,WY,16,21.3,37,34.9,30.1,25.8,24.2,25.3,27.9,31.8,27.2,28.2,,,,,29.3,,27.1,,,23.1,27.7,36.5,,26,33,25,28.1,31.4,24.2,25.6,27.7
